Material_ID,Material_Type,Strength,Weight_Capacity,Biodegradability_Score,CO2_Emission_Score,Recyclability_Percent
M-0141,Cotton,375.02,40.58,0.75,7.83,46.06
M-0832,Steel,225.91,88.88,0.3,48.31,39.43
M-0186,Steel,172.54,42.0,0.55,37.24,47.52
M-0754,Plastic,203.56,64.36,0.01,31.04,12.98
M-0932,Paper,489.02,32.47,0.25,11.3,52.99
M-0091,Cotton,55.89,76.36,0.53,40.72,
M-1051,Plastic,480.43,46.18,0.12,39.36,3.78
M-0092,Paper,348.59,11.75,0.03,47.47,16.7
M-1180,Glass,79.18,60.76,0.92,29.95,16.88
M-0620,Glass,156.89,38.54,0.18,29.83,90.09
M-1061,,347.14,73.66,0.17,18.73,22.31
M-0174,Paper,409.93,,,21.14,56.59
M-1282,Bamboo,304.4,80.84,0.53,,64.22
M-0222,Glass,471.57,96.58,0.54,16.33,60.17
M-0486,Wood,215.84,79.59,0.32,34.45,47.34
M-0002,Paper,472.92,91.41,0.91,48.37,55.79
M-0705,Steel,63.67,92.49,0.87,3.2,87.13
M-0359,Aluminum,363.21,72.16,0.89,23.0,88.15
M-1342,Cotton,484.01,21.67,0.05,15.78,44.33
M-0387,Glass,433.04,96.77,0.73,29.8,86.69
M-0190,Wood,,19.64,0.42,42.35,31.0
M-1028,Glass,246.92,51.08,0.31,18.86,80.33
M-0424,Glass,166.91,23.93,0.53,16.39,74.97
M-0704,Cotton,306.77,48.86,0.8,31.2,
M-0471,Steel,477.89,90.36,0.31,6.13,94.61
M-0831,Steel,154.38,74.97,0.93,22.92,67.18
M-1193,Steel,403.2,25.11,0.85,36.42,
M-1443,Paper,351.83,78.65,0.77,34.17,33.5
M-1366,Wood,118.45,13.27,0.63,36.7,28.05
M-0994,Paper,54.96,71.16,0.99,37.28,30.12
M-1453,Cotton,240.15,35.17,0.64,19.57,93.69
M-1219,Steel,200.53,84.55,0.96,46.77,
M-0971,Cotton,114.01,53.92,0.35,40.12,55.41
M-0067,Paper,316.07,31.1,0.36,14.66,23.56
M-1363,Aluminum,132.9,40.58,0.6,13.14,97.37
M-0289,Aluminum,79.41,76.58,0.66,26.88,53.77
M-0862,Aluminum,342.89,27.99,0.06,19.44,17.88
M-0581,Wood,299.91,50.68,0.28,49.82,21.52
M-0037,Paper,312.53,97.3,0.58,,93.87
M-0968,Wood,362.77,5.19,1.0,18.96,92.23
M-1156,,141.12,81.63,0.16,44.54,99.21
M-0129,,62.19,47.41,0.56,40.69,76.88
M-1032,Cotton,455.79,22.43,0.19,28.57,3.08
M-0403,Glass,363.86,40.13,0.71,,96.24
M-0181,Steel,112.71,,0.94,30.76,32.06
M-0860,Bamboo,293.01,63.26,0.38,47.24,21.12
M-0194,Bamboo,423.38,84.2,0.39,47.71,4.7
M-1127,Paper,315.66,77.28,0.6,37.32,65.38
M-0517,Cotton,226.62,55.32,0.65,13.39,19.15
M-0020,Glass,419.57,,0.12,15.94,32.83
M-0998,Paper,166.92,44.14,0.04,40.07,74.16
M-0419,Cotton,52.87,75.17,0.31,3.75,26.24
M-0500,Paper,327.49,65.42,0.97,34.65,81.24
M-1465,Glass,377.0,99.06,0.39,,37.95
M-0649,Cotton,327.72,45.4,0.17,47.66,68.6
M-0011,Glass,118.25,78.52,0.12,,28.05
M-0427,Aluminum,400.93,39.94,0.58,29.41,99.17
M-0794,Paper,165.45,43.34,0.28,8.88,98.92
M-1097,Plastic,104.68,30.74,0.95,14.41,83.22
M-0084,Cotton,129.37,70.23,0.38,,
M-0254,Steel,,95.82,0.15,25.11,76.68
M-0247,Aluminum,462.79,59.84,0.33,29.39,66.7
M-1043,Bamboo,280.5,41.99,0.06,47.63,42.89
M-1250,Paper,176.98,75.06,0.6,39.24,10.45
M-1455,Aluminum,382.96,94.98,0.98,23.51,66.41
M-0477,Aluminum,228.92,11.24,0.36,10.66,85.93
M-0638,Bamboo,108.89,43.89,0.05,45.92,97.59
M-0593,Steel,440.72,,0.82,5.58,69.39
M-0895,Paper,90.11,30.54,0.71,39.37,16.47
M-0385,Steel,357.47,72.74,0.59,10.03,48.64
M-0830,Cotton,296.01,94.75,0.65,18.47,70.55
M-0134,Steel,96.85,,0.22,1.45,46.55
M-0759,Aluminum,323.56,69.03,0.58,31.71,60.67
M-1181,Wood,310.99,60.19,0.42,36.35,82.18
M-0484,Wood,64.01,95.99,0.91,27.33,54.39
M-1450,Paper,221.18,30.22,0.28,15.44,6.59
M-1161,Cotton,187.52,44.06,0.88,3.34,
M-0347,Glass,149.22,,0.01,18.41,83.56
M-1493,Bamboo,312.26,76.92,0.5,28.94,2.44
M-1001,Wood,290.89,55.59,0.34,23.73,15.83
M-0283,Wood,153.5,32.99,0.08,34.89,58.58
M-0667,Wood,,75.48,0.42,49.24,30.48
M-0884,Cotton,407.95,56.7,0.86,4.8,98.36
M-1040,Glass,283.28,24.33,,23.16,58.14
M-1014,Glass,269.71,6.72,0.25,48.76,71.33
M-0989,Plastic,215.49,63.55,0.37,43.47,66.53
M-0461,Plastic,241.78,78.45,0.11,9.27,
M-0566,Plastic,339.61,78.3,0.18,,98.93
M-1210,Steel,403.54,66.62,0.75,18.02,3.86
M-0072,Plastic,52.08,,0.36,14.67,52.03
M-0265,Glass,367.51,64.53,0.64,6.2,50.43
M-0502,Steel,266.69,69.04,0.06,40.13,91.43
M-1228,Cotton,243.35,55.91,0.21,6.74,75.75
M-0123,Plastic,339.8,,0.16,22.16,62.0
M-1024,Plastic,479.9,55.89,0.82,27.92,32.44
M-0856,Steel,283.58,46.27,0.9,9.75,67.03
M-0729,Steel,409.02,71.85,0.59,27.34,87.16
M-0642,Wood,83.07,70.89,0.54,29.73,2.47
M-1287,Plastic,101.34,29.36,0.62,33.8,27.14
M-0792,Cotton,98.09,97.21,0.52,,6.12
M-1105,Wood,,22.85,0.63,46.12,49.57
M-1214,Wood,222.72,61.93,0.75,14.13,46.85
M-0082,Paper,253.6,10.65,0.81,16.51,8.9
M-0040,Glass,476.28,23.63,0.98,36.3,55.05
M-0450,Wood,108.54,78.43,0.62,15.32,94.73
M-1334,,459.15,86.68,0.24,5.24,10.55
M-1320,,198.6,86.91,,21.59,57.07
M-1018,Glass,264.21,58.26,0.1,5.77,37.8
M-0467,Cotton,,66.41,0.04,10.23,56.57
M-0164,,234.24,,0.98,3.53,21.54
M-0008,Steel,290.06,45.89,0.34,27.94,57.23
M-0309,Cotton,265.94,12.3,0.89,14.48,89.96
M-0894,Steel,330.61,,0.13,43.92,26.27
M-1300,Plastic,86.78,58.52,0.52,22.66,
M-1471,Steel,366.66,37.62,0.3,,87.13
M-0867,Steel,497.36,75.18,0.81,33.29,
M-1143,Cotton,410.03,89.37,0.61,37.76,80.16
M-1198,Glass,116.35,72.93,0.74,24.73,72.89
M-0168,Bamboo,476.8,8.7,0.35,16.47,91.08
M-0258,Wood,432.14,46.72,0.41,16.82,0.02
M-0680,Plastic,440.56,42.35,0.8,44.73,66.58
M-0722,Glass,382.3,20.49,0.99,10.84,3.84
M-0260,Glass,270.24,89.84,0.06,23.74,20.82
M-1436,Plastic,472.24,58.75,0.94,1.79,14.93
M-0574,Plastic,148.65,26.1,0.48,36.86,70.29
M-0478,Cotton,173.4,26.68,0.64,5.78,11.0
M-0287,Aluminum,202.94,75.35,0.98,8.13,26.5
M-1147,Bamboo,327.19,83.41,0.15,25.41,70.61
M-1380,Plastic,242.37,64.6,0.85,35.28,23.36
M-1090,Plastic,151.08,67.14,0.27,15.03,86.91
M-0846,,310.27,68.88,0.65,37.36,99.02
M-1468,Wood,176.68,12.5,0.74,22.45,31.34
M-0539,Steel,64.94,95.39,0.35,49.97,94.84
M-1212,Paper,234.46,19.84,0.2,34.62,31.49
M-0368,Plastic,444.86,30.69,0.41,12.92,6.58
M-0262,Wood,494.45,88.93,0.39,46.46,80.59
M-1187,Cotton,171.42,26.74,0.91,28.08,50.98
M-1345,Bamboo,,51.51,0.05,37.7,53.23
M-0746,Plastic,350.7,87.2,,34.54,7.83
M-0785,Plastic,236.1,31.4,0.56,32.32,84.04
M-1461,Steel,389.28,5.98,0.95,,17.4
M-0726,Steel,350.42,7.39,0.48,47.66,49.72
M-0363,Aluminum,150.72,28.45,0.07,41.24,
M-0006,Cotton,407.31,59.32,0.19,24.55,44.96
M-1454,Glass,68.91,85.57,0.72,15.84,37.73
M-1406,Cotton,157.94,24.42,0.3,21.48,18.13
M-0421,Plastic,,66.26,0.18,42.69,48.3
M-0579,Plastic,346.42,45.73,0.09,18.72,18.91
M-1203,Paper,319.2,69.37,,22.09,60.3
M-1109,Wood,428.9,83.07,0.92,47.31,13.64
M-0448,Wood,486.0,34.63,0.28,20.87,76.62
M-0809,Wood,427.94,12.18,0.93,42.49,52.86
M-1202,Plastic,149.28,69.1,0.05,49.85,6.33
M-1328,Steel,,51.49,0.24,14.26,58.52
M-0972,Bamboo,104.62,20.33,0.05,35.65,93.08
M-0263,Steel,474.83,47.59,0.7,,27.97
M-1184,Paper,321.57,47.02,0.44,26.24,33.72
M-1462,Steel,412.21,73.02,0.22,12.37,76.08
M-0135,Bamboo,409.96,35.29,0.89,32.77,94.32
M-0848,Plastic,85.74,14.68,0.23,42.77,1.18
M-1100,Glass,340.61,27.94,,35.78,1.36
M-1118,Steel,124.17,30.6,0.15,9.05,34.58
M-1313,Aluminum,412.88,10.41,0.5,10.01,94.87
M-0286,Glass,363.33,84.24,0.99,6.11,83.61
M-0709,Cotton,147.05,31.04,0.42,38.72,22.52
M-1335,,292.42,43.65,0.19,33.79,68.31
M-0778,Cotton,188.28,65.96,0.91,7.32,54.76
M-1062,Steel,393.97,67.39,0.85,26.69,5.65
M-0588,Glass,356.1,9.27,0.9,21.14,26.85
M-0010,Plastic,404.87,46.29,0.83,44.01,28.68
M-0675,Paper,493.98,40.24,0.32,13.03,46.92
M-0610,Cotton,316.56,21.65,0.18,29.74,87.54
M-1106,Paper,163.51,12.31,0.19,48.45,42.11
M-1239,Aluminum,246.58,8.02,0.73,21.79,79.22
M-0224,Paper,146.72,73.6,0.71,35.38,41.33
M-1003,Aluminum,55.45,62.54,0.68,17.54,12.82
M-0820,Aluminum,253.3,69.22,0.86,12.7,3.77
M-1123,Glass,277.63,30.14,0.2,46.84,94.02
M-0897,Wood,107.47,,0.68,26.1,51.46
M-0939,Wood,322.81,83.71,,7.65,30.62
M-0625,Steel,161.25,79.13,0.51,21.37,12.1
M-0451,Wood,391.22,54.52,0.85,15.45,36.9
M-0253,Paper,442.83,59.49,0.76,12.41,83.12
M-0955,Glass,247.78,,0.42,5.43,4.92
M-0083,Steel,113.39,62.36,0.82,5.26,51.15
M-1047,Glass,372.35,66.59,0.16,18.16,93.69
M-1094,Bamboo,325.82,19.87,0.04,41.4,46.47
M-1095,Plastic,474.38,50.02,0.18,21.47,82.07
M-1190,Cotton,84.68,93.27,0.81,26.95,47.54
M-0967,Steel,76.0,20.7,0.6,8.52,22.33
M-0962,Aluminum,77.61,69.0,0.46,7.04,36.68
M-0589,Paper,82.49,77.3,0.38,30.61,65.42
M-0518,Wood,265.97,27.98,0.06,4.3,38.62
M-0825,Cotton,147.53,,0.76,16.05,0.84
M-0338,Glass,125.17,69.85,0.61,23.98,61.86
M-0641,Wood,156.22,36.56,0.19,36.22,64.99
M-0879,Steel,93.5,95.39,0.65,8.41,90.12
M-1360,Bamboo,492.58,97.14,0.97,16.11,77.04
M-1007,Paper,,70.75,0.01,31.36,26.2
M-0845,Steel,375.95,22.91,0.43,11.04,11.76
M-0211,Bamboo,87.26,99.42,0.57,40.21,53.13
M-0483,Steel,145.9,10.5,0.36,33.14,4.61
M-1116,Bamboo,471.82,65.46,0.64,29.53,97.31
M-0707,Paper,360.29,74.25,0.69,16.14,60.78
M-0334,Glass,445.6,47.69,,35.37,48.42
M-0688,Steel,367.11,60.46,0.78,11.39,22.75
M-0776,,165.55,40.52,0.43,13.87,61.27
M-0979,Cotton,416.29,,0.74,,93.37
M-0291,Aluminum,292.77,67.56,0.87,6.23,78.4
M-0813,Aluminum,401.24,61.91,0.88,25.1,11.34
M-0183,Wood,492.98,98.48,0.62,,42.71
M-0959,Plastic,328.81,46.73,0.82,20.71,53.74
M-0748,Bamboo,258.57,34.43,0.13,38.49,85.03
M-0078,Paper,206.13,5.15,0.48,8.57,21.35
M-1474,Plastic,,,0.35,21.96,89.78
M-0482,Wood,153.48,50.01,0.56,18.35,44.24
M-0264,Aluminum,67.74,53.49,0.19,35.67,19.15
M-0668,Paper,104.95,85.6,0.02,33.65,18.18
M-1156,,141.12,81.63,0.16,44.54,99.21
M-0497,,109.06,59.94,0.25,34.04,66.85
M-1391,,418.58,27.62,0.58,38.06,12.03
M-0714,Paper,,,0.14,38.82,36.83
M-1317,Plastic,140.61,59.56,0.47,35.15,48.11
M-0880,Steel,252.67,84.66,0.51,14.95,
M-0816,Steel,240.68,30.4,0.9,39.9,89.41
M-0693,Steel,352.67,33.17,0.22,1.96,13.42
M-0275,Aluminum,474.92,81.42,0.67,26.91,60.38
M-0165,Plastic,298.42,53.02,0.97,3.42,29.19
M-0763,Steel,479.99,34.14,0.09,48.97,2.26
M-1434,Paper,186.78,,0.94,16.16,
M-0213,Steel,160.41,64.22,0.03,4.33,95.37
M-0245,Bamboo,212.44,53.57,0.49,24.25,92.85
M-0990,Cotton,236.36,57.9,0.62,44.8,7.87
M-0724,Aluminum,231.86,74.77,0.36,42.66,51.27
M-0073,Aluminum,200.07,62.75,0.81,20.84,97.52
M-0720,Paper,,52.14,0.88,41.45,33.41
M-0248,Aluminum,111.57,87.23,0.39,44.56,91.16
M-0398,Wood,346.3,52.54,0.4,37.03,21.91
M-1298,Aluminum,368.53,51.03,0.53,,3.12
M-1458,Paper,436.25,31.36,0.43,27.71,5.85
M-0540,Plastic,85.36,99.51,0.8,11.36,84.25
M-1045,Wood,68.75,96.97,0.3,43.54,72.71
M-0333,Paper,237.91,52.79,0.63,41.49,43.28
M-0278,Wood,430.05,95.96,0.16,4.99,98.43
M-0343,Glass,323.48,57.49,0.48,4.24,68.93
M-0782,Glass,324.65,44.74,0.2,18.45,11.93
M-0445,Paper,70.58,96.53,0.62,37.99,81.27
M-0325,Wood,494.48,,0.68,32.72,50.37
M-0413,Wood,200.8,25.5,0.55,40.83,62.92
M-0464,Aluminum,407.66,40.32,0.23,47.34,50.91
M-1330,Steel,397.41,51.79,0.43,28.88,48.61
M-0877,Plastic,140.42,68.92,0.33,25.98,88.97
M-0591,Aluminum,165.96,42.28,0.44,21.45,94.4
M-0397,Cotton,408.84,,0.1,2.3,75.38
M-0236,Paper,272.97,98.19,0.93,49.38,
M-0269,Bamboo,461.97,70.33,0.3,6.58,35.64
M-1302,Paper,268.11,18.03,0.81,26.57,
M-0400,Aluminum,440.28,48.48,0.78,29.46,61.78
M-0373,Plastic,437.96,46.21,0.7,41.2,
M-1362,Wood,140.91,18.59,0.87,38.44,30.52
M-1360,Bamboo,492.58,97.14,0.97,16.11,77.04
M-1489,Aluminum,85.54,76.62,0.04,12.67,62.91
M-1035,Aluminum,346.71,49.3,0.42,11.17,94.48
M-0952,Paper,244.62,52.8,0.07,20.72,75.08
M-0750,Plastic,438.5,87.78,0.42,8.32,66.88
M-0139,Bamboo,94.75,,0.63,28.99,14.94
M-0521,Cotton,362.74,12.24,0.65,32.03,32.07
M-0773,Aluminum,208.23,70.12,0.89,42.95,56.03
M-0898,Paper,421.73,68.31,0.25,24.88,20.02
M-1371,Bamboo,411.62,68.91,0.32,6.55,
M-0456,Glass,396.68,81.68,0.48,14.02,18.36
M-0997,Aluminum,58.64,52.51,0.19,9.17,17.13
M-1311,Glass,78.02,34.11,0.93,12.77,
M-0189,Bamboo,102.99,56.43,0.17,2.49,49.79
M-0900,Glass,368.94,48.16,0.17,47.36,59.18
M-0021,Wood,99.78,14.9,0.55,10.44,11.28
M-0993,Plastic,396.19,,0.04,,73.6
M-0789,Cotton,131.65,11.41,0.08,7.21,40.47
M-0177,Glass,170.9,16.03,0.6,49.18,40.3
M-1102,Plastic,417.18,45.36,0.38,26.39,69.8
M-0585,Wood,488.66,42.79,0.38,40.02,35.23
M-0514,Wood,254.85,47.53,0.39,9.56,
M-0200,Glass,318.84,37.53,0.23,7.16,2.01
M-0470,Paper,172.97,7.24,0.25,8.05,91.23
M-1229,Wood,442.73,,0.0,26.88,73.17
M-0053,Glass,309.33,53.7,0.82,38.33,21.94
M-1275,Bamboo,238.46,20.91,0.93,4.27,23.01
M-0301,,443.62,38.14,0.93,13.74,87.83
M-1222,Plastic,424.26,79.01,0.9,41.37,63.7
M-0148,,453.35,7.42,0.83,23.44,
M-0212,Bamboo,321.42,88.63,0.39,12.84,39.97
M-0605,Bamboo,269.0,14.67,0.54,20.93,16.84
M-0022,Steel,430.9,41.53,0.9,7.32,87.0
M-0486,Wood,215.84,79.59,0.32,34.45,47.34
M-1483,Wood,456.3,47.44,0.7,46.74,79.69
M-0944,Steel,115.87,36.04,0.52,46.94,59.3
M-1484,Aluminum,433.52,52.64,0.41,17.89,59.04
M-1041,Steel,117.58,11.36,0.11,8.0,54.89
M-1016,Wood,196.1,11.56,0.99,25.54,62.47
M-0282,Paper,318.32,83.7,,7.54,28.43
M-0087,Wood,461.68,48.34,0.93,17.41,36.66
M-1263,Bamboo,457.9,,0.54,42.43,63.67
M-0664,Wood,75.69,96.85,0.64,21.53,82.51
M-0801,Aluminum,478.13,24.51,0.93,,94.57
M-1127,Paper,315.66,77.28,0.6,37.32,65.38
M-0140,Aluminum,159.43,70.4,,43.31,51.0
M-1492,Bamboo,,82.65,0.42,6.55,67.73
M-0505,Bamboo,358.5,92.16,0.16,45.6,32.07
M-0097,Plastic,88.41,69.47,0.97,1.7,41.63
M-0367,,91.17,39.22,0.92,43.98,80.44
M-0560,Wood,416.67,73.24,0.78,21.39,3.12
M-0631,Aluminum,123.59,36.5,0.06,11.01,43.1
M-0128,Aluminum,346.52,79.95,0.88,17.76,19.11
M-0915,Paper,496.47,10.34,0.83,13.48,35.75
M-1199,Glass,197.69,61.35,0.81,4.12,93.19
M-1479,Wood,,20.47,0.15,48.12,58.93
M-1369,Aluminum,87.56,80.61,0.76,25.58,17.17
M-1139,Paper,376.91,8.7,0.03,14.71,
M-1195,Plastic,404.88,98.21,0.79,30.17,38.14
M-0716,Cotton,71.7,71.61,0.4,44.98,38.35
M-0340,Paper,154.25,72.83,0.04,32.41,8.58
M-0056,Paper,381.4,42.72,0.97,27.24,79.97
M-0049,,363.49,15.26,0.17,21.99,9.8
M-0319,Bamboo,209.58,81.33,0.67,,15.48
M-1121,,418.0,25.78,0.38,33.54,83.92
M-0516,Glass,82.6,96.0,0.44,37.13,7.92
M-0565,Paper,253.54,58.68,0.97,4.43,6.64
M-0344,Plastic,280.71,54.42,0.93,48.66,12.71
M-0064,Aluminum,464.38,71.71,,48.14,79.55
M-1421,Aluminum,358.85,27.56,0.43,17.94,81.6
M-1268,Paper,454.93,,0.32,36.63,61.77
M-0717,Glass,489.73,74.07,0.13,45.48,83.66
M-0722,Glass,382.3,20.49,0.99,10.84,3.84
M-0499,Aluminum,464.38,82.06,0.58,49.29,16.29
M-0687,Wood,188.57,79.16,0.35,34.55,21.07
M-1213,Plastic,427.91,65.41,0.29,47.49,12.9
M-0784,Paper,172.68,14.63,0.31,12.45,50.02
M-0783,Cotton,372.27,76.34,,39.66,22.46
M-0958,Aluminum,147.22,76.09,0.2,17.52,76.2
M-0989,Plastic,215.49,63.55,0.37,43.47,66.53
M-0241,Plastic,409.74,32.15,0.08,8.66,
M-0614,Plastic,334.2,60.25,0.52,21.71,84.96
M-1115,,493.1,94.21,0.31,23.32,31.64
M-0158,Plastic,203.82,25.7,0.31,22.73,80.19
M-0032,Aluminum,294.23,39.38,0.33,24.78,48.19
M-0016,Steel,306.45,64.97,0.3,26.12,90.58
M-0404,Aluminum,,9.97,0.36,18.27,89.02
M-0954,Paper,277.76,86.59,0.6,32.86,35.53
M-0335,Wood,475.13,60.66,0.22,23.51,64.81
M-1042,Plastic,381.85,88.35,0.95,20.08,21.93
M-0934,,420.12,28.75,0.3,48.54,48.24
M-0653,Bamboo,66.5,5.0,0.25,7.34,57.24
M-0195,,142.89,46.84,0.1,4.56,56.63
M-1221,Aluminum,60.89,6.82,0.48,33.24,98.27
M-0814,Paper,173.66,64.25,0.05,29.07,72.06
M-0047,Cotton,469.45,25.81,0.53,23.92,96.16
M-0458,Cotton,250.66,30.23,0.54,6.07,40.66
M-0311,Cotton,443.15,80.48,0.29,17.71,94.33
M-0099,Wood,275.99,61.4,0.71,23.05,59.9
M-1133,Wood,336.33,7.96,0.8,2.36,54.96
M-1009,Paper,99.38,42.23,0.46,41.98,89.18
M-1321,Cotton,390.54,34.82,0.55,28.54,43.56
M-1107,Steel,389.77,71.13,0.15,27.49,41.05
M-0681,Cotton,,61.11,0.68,4.85,28.62
M-0346,Bamboo,129.44,78.66,0.47,24.42,59.25
M-1248,Wood,81.03,89.18,0.33,2.27,45.53
M-1344,Aluminum,285.5,60.03,0.12,42.87,97.61
M-0573,Aluminum,442.3,65.26,0.67,35.72,48.24
M-0418,Plastic,278.36,66.91,0.09,41.89,45.83
M-0336,Cotton,260.33,64.35,0.06,,1.84
M-0549,Plastic,336.39,98.21,0.43,48.25,36.41
M-1257,Wood,252.38,97.47,0.78,38.8,75.65
M-0172,Steel,269.34,7.22,0.4,16.16,4.85
M-0725,Aluminum,197.16,41.51,0.67,15.17,39.83
M-0216,Steel,210.05,24.12,0.79,25.79,12.65
M-0533,Aluminum,301.84,98.21,0.21,30.21,14.05
M-1338,Wood,345.55,77.43,0.06,3.41,72.97
M-1418,Bamboo,106.82,20.26,,37.48,68.55
M-1216,Aluminum,314.5,71.99,0.22,3.71,3.1
M-0353,Aluminum,447.7,76.12,0.55,7.14,95.9
M-0172,Steel,269.34,7.22,0.4,16.16,4.85
M-1138,Plastic,161.01,57.95,,37.39,39.41
M-1044,Aluminum,356.1,56.47,,16.67,65.23
M-0636,,196.34,94.37,,24.81,32.54
M-0453,Wood,59.96,16.93,0.13,28.67,51.84
M-0305,Plastic,499.07,11.87,0.78,41.91,49.04
M-0923,Aluminum,440.63,20.15,0.73,3.67,88.28
M-0890,Aluminum,467.15,11.5,,40.29,2.39
M-1396,Wood,419.74,19.68,,21.12,2.22
M-0472,Cotton,117.98,79.4,0.61,21.72,24.47
M-0436,Cotton,471.75,6.84,0.63,38.19,92.22
M-1475,Cotton,55.58,40.39,0.4,30.21,34.99
M-0926,,187.11,22.64,0.89,26.82,57.79
M-1440,Glass,349.24,6.82,0.28,4.56,36.48
M-0504,Cotton,106.33,37.79,0.51,39.25,90.4
M-0411,Glass,421.62,49.87,0.51,10.02,72.99
M-0136,Steel,130.35,60.31,0.93,26.04,93.17
M-0259,Cotton,,85.46,0.68,13.65,24.12
M-0353,Aluminum,447.7,76.12,0.55,7.14,95.9
M-0510,Plastic,,10.91,0.4,16.21,44.45
M-0950,Steel,297.29,42.31,0.98,4.55,27.73
M-0526,Bamboo,97.22,46.12,0.58,19.39,87.5
M-0494,Wood,430.15,18.38,0.45,49.59,53.19
M-1058,Bamboo,133.34,11.53,0.96,19.0,85.46
M-0861,Paper,446.04,65.58,0.34,48.85,31.32
M-0356,Bamboo,128.25,53.56,0.66,30.29,6.7
M-1072,Plastic,104.62,11.31,0.29,25.97,38.11
M-0818,Glass,92.99,96.68,0.22,17.37,5.52
M-0541,Bamboo,228.62,72.61,,,72.24
M-0209,Wood,124.83,51.45,0.05,,70.26
M-0874,Aluminum,480.93,48.6,0.69,49.97,69.06
M-0835,Aluminum,494.5,71.61,0.69,12.93,53.46
M-0402,Paper,426.66,40.03,0.0,34.09,10.4
M-0903,Wood,168.4,72.02,0.48,3.47,7.32
M-1288,Wood,118.06,38.76,0.97,,85.51
M-0039,,257.9,50.79,0.12,5.74,85.06
M-0256,Glass,346.45,15.38,0.27,9.91,37.68
M-0960,Bamboo,342.59,63.0,0.65,3.51,84.08
M-0157,Bamboo,417.85,39.64,0.51,48.36,23.1
M-0030,Paper,338.52,11.74,0.9,17.81,5.47
M-0192,Glass,,56.46,0.9,11.66,
M-0803,Aluminum,418.63,30.51,0.15,,66.2
M-0074,Plastic,229.18,34.39,0.33,49.94,96.58
M-1323,Steel,142.2,84.81,0.49,4.85,73.27
M-0658,Glass,,26.48,0.14,39.12,97.07
M-1052,Aluminum,381.88,99.73,0.07,22.69,12.31
M-1049,Steel,82.07,40.67,0.12,36.5,23.36
M-0627,Steel,250.39,52.27,0.38,43.48,52.73
M-0316,Cotton,381.91,33.05,0.1,2.21,60.1
M-0601,Steel,440.16,67.38,0.78,8.96,32.93
M-1068,Bamboo,396.15,5.5,0.82,29.28,94.05
M-0889,Paper,496.62,54.54,0.75,32.23,5.63
M-0506,Aluminum,243.64,32.6,0.66,19.76,55.23
M-0895,Paper,90.11,30.54,0.71,39.37,16.47
M-0669,Steel,253.49,45.15,0.34,14.98,8.59
M-1202,Plastic,149.28,69.1,0.05,49.85,6.33
M-0901,Steel,66.27,64.87,0.05,29.41,7.22
M-0252,Aluminum,293.86,77.63,0.81,3.51,18.68
M-0146,Bamboo,142.24,37.86,0.82,19.23,89.62
M-0756,Wood,229.47,84.12,0.29,48.15,94.64
M-1023,Plastic,451.44,73.73,0.23,4.22,24.89
M-0793,Steel,305.29,15.76,0.21,21.95,59.09
M-0145,Cotton,350.64,89.56,0.73,36.18,49.17
M-0956,Glass,97.55,84.6,0.42,47.44,3.11
M-0562,Glass,452.67,65.86,0.94,49.32,52.66
M-1429,Wood,362.37,81.14,0.54,28.21,4.03
M-0121,Cotton,217.99,66.97,0.4,19.84,50.31
M-0615,Wood,379.9,46.48,0.23,36.19,48.01
M-1472,Plastic,293.31,84.28,0.47,4.7,19.26
M-0929,Wood,128.09,,0.68,10.69,7.36
M-1170,Glass,235.68,6.37,0.34,25.75,41.1
M-1053,Glass,208.96,58.11,0.91,24.78,98.63
M-1372,Glass,277.34,25.95,0.92,20.91,62.89
M-0126,Cotton,120.27,31.16,0.42,39.91,43.47
M-0251,Wood,133.31,83.61,,26.42,3.88
M-1355,Plastic,406.97,25.78,0.32,26.64,80.12
M-0644,Aluminum,283.9,67.19,0.05,10.42,53.66
M-0284,Bamboo,104.26,,0.99,,58.68
M-0815,Paper,420.18,66.61,0.23,12.68,50.03
M-1084,Paper,386.63,23.52,0.16,25.93,87.66
M-0891,Bamboo,292.98,40.26,,23.85,45.0
M-0893,,284.43,60.52,0.86,6.31,43.83
M-1419,Steel,354.28,7.37,0.2,8.45,43.62
M-0059,Glass,252.88,15.81,0.05,44.48,33.37
M-0753,Plastic,61.54,28.79,0.29,43.75,12.51
M-0511,Aluminum,171.05,18.99,0.12,38.34,25.63
M-0117,Aluminum,119.86,16.69,0.41,30.96,39.28
M-0978,Cotton,498.51,38.66,0.84,49.31,42.46
M-0178,Glass,293.74,95.81,0.66,12.84,64.92
M-0623,Bamboo,434.47,89.79,0.05,31.77,9.95
M-0412,Cotton,107.99,88.61,0.09,6.18,41.09
M-0466,Bamboo,149.35,33.48,0.82,15.78,61.17
M-0876,Glass,360.5,,0.68,39.55,65.06
M-1489,Aluminum,85.54,76.62,0.04,12.67,62.91
M-0858,Glass,410.16,5.86,,,62.48
M-0961,Aluminum,118.41,20.23,0.42,25.33,3.34
M-0273,Cotton,465.98,33.44,0.67,32.67,95.96
M-0197,Plastic,111.6,29.64,0.66,18.04,13.65
M-0238,Wood,245.67,,0.45,33.45,47.07
M-0440,Glass,368.68,43.41,0.7,32.65,60.51
M-1264,Bamboo,112.66,82.61,0.64,40.16,22.12
M-0965,Bamboo,,26.81,0.51,,7.24
M-1490,Aluminum,157.78,59.9,0.37,46.98,15.27
M-1130,Plastic,304.26,71.4,0.82,44.6,4.48
M-0673,Wood,68.71,82.59,0.6,9.56,39.04
M-1149,Glass,209.92,28.66,0.09,22.59,25.77
M-1141,Wood,94.63,35.69,0.32,5.32,15.05
M-1259,Cotton,79.41,85.5,0.18,42.87,69.35
M-0640,Cotton,254.21,84.4,0.04,,42.38
M-1218,Plastic,213.01,68.44,,4.46,3.28
M-1386,Paper,450.62,51.18,0.38,17.56,6.35
M-0232,Paper,396.91,88.32,0.81,15.4,53.66
M-0941,Paper,128.68,34.24,0.37,35.17,7.24
M-0429,Aluminum,392.46,15.59,0.33,35.9,21.05
M-0079,Bamboo,381.88,65.46,0.84,22.54,67.61
M-0933,Aluminum,338.44,34.43,0.94,6.7,61.49
M-1169,Glass,226.19,27.04,0.76,38.33,11.38
M-0617,Aluminum,372.12,54.09,0.08,36.88,49.32
M-0761,Paper,415.84,57.14,0.17,40.38,83.69
M-0491,Cotton,440.88,39.74,0.68,44.66,81.94
M-1411,Paper,343.02,53.44,0.62,29.04,96.28
M-1067,Steel,182.95,50.98,0.91,36.45,25.35
M-0909,Bamboo,228.64,83.35,0.19,,47.7
M-0969,Wood,492.66,73.28,0.44,19.29,42.59
M-0315,Glass,239.61,43.27,0.87,46.6,13.1
M-0137,Aluminum,343.74,40.26,0.92,22.83,20.69
M-0882,Wood,206.41,83.18,0.31,38.06,60.32
M-0527,Glass,158.92,9.17,0.4,31.71,30.15
M-0691,Plastic,486.46,30.21,0.87,21.15,63.93
M-0772,Steel,470.5,46.11,0.58,42.81,50.58
M-0434,Cotton,469.41,41.01,0.32,11.37,77.12
M-0203,Bamboo,128.92,57.98,0.97,11.46,44.68
M-0639,Plastic,486.42,82.03,0.1,40.24,28.63
M-1114,Bamboo,295.26,30.09,0.33,24.02,62.73
M-0798,Bamboo,,37.92,0.65,25.8,25.26
M-1019,Cotton,219.15,64.7,0.71,15.85,10.29
M-1046,Glass,88.16,11.32,0.32,44.18,0.07
M-0298,Bamboo,,43.72,0.56,3.42,2.03
M-0966,Aluminum,497.69,16.17,0.32,40.36,95.41
M-0945,Steel,215.39,38.67,0.44,34.9,93.6
M-1382,Paper,55.67,19.44,0.51,7.78,60.86
M-1267,Bamboo,206.3,13.08,0.04,42.42,47.32
M-0769,Paper,159.57,11.49,0.2,27.77,78.7
M-0109,Wood,304.18,55.73,0.4,42.81,90.96
M-0285,Plastic,84.63,75.1,0.16,9.0,44.57
M-0393,Cotton,355.11,79.27,0.09,17.01,77.47
M-0268,Cotton,,50.3,0.9,38.62,7.85
M-0098,Paper,498.59,39.38,,13.62,44.89
M-0854,Glass,209.75,46.23,0.37,45.39,90.4
M-0863,Plastic,289.83,72.84,0.49,46.24,90.19
M-0446,Glass,442.19,54.31,0.19,16.16,54.18
M-0166,Aluminum,246.26,96.58,0.4,19.93,17.28
M-0559,Cotton,202.75,50.31,0.83,31.85,
M-1082,Steel,320.85,75.51,0.74,36.14,41.35
M-0077,Paper,205.86,83.01,0.47,5.05,19.72
M-0947,,61.62,94.41,0.51,12.93,41.44
M-0702,Cotton,,71.23,0.58,8.82,43.71
M-0839,Paper,242.69,60.38,0.67,35.76,52.19
M-1347,Glass,309.92,26.83,0.84,6.76,
M-1040,Glass,283.28,24.33,,23.16,58.14
M-1266,Glass,234.99,94.11,0.21,12.41,77.22
M-1308,Cotton,235.29,51.34,0.28,3.59,23.45
M-0590,Steel,63.79,40.31,0.22,31.87,53.36
M-1246,,345.63,25.07,0.9,7.4,27.32
M-0196,Plastic,54.95,33.72,0.02,10.76,76.33
M-0167,Cotton,,41.5,0.73,18.32,37.94
M-1496,Steel,,25.18,0.58,49.73,66.94
M-1004,Aluminum,158.54,16.13,0.51,1.89,42.54
M-0414,Aluminum,384.58,69.39,0.38,29.36,69.93
M-0546,Cotton,,61.39,0.3,39.96,97.83
M-0015,Cotton,65.09,62.67,0.49,48.62,79.28
M-0619,Bamboo,130.86,31.84,0.16,40.84,
M-0619,Bamboo,130.86,31.84,0.16,40.84,
M-0723,Paper,445.33,79.69,0.21,40.45,87.08
M-1482,,71.66,96.97,0.42,11.96,45.19
M-0460,Glass,498.71,32.86,0.06,45.44,79.47
M-1048,Aluminum,82.44,12.04,0.78,5.08,16.45
M-0019,Cotton,203.94,,0.16,43.04,88.13
M-0630,Bamboo,,22.68,0.51,24.91,8.92
M-1080,Aluminum,181.77,68.76,0.5,3.58,
M-1415,Plastic,262.08,57.36,0.15,44.78,37.63
M-0367,,91.17,39.22,0.92,43.98,80.44
M-0105,Plastic,142.31,73.78,0.66,27.13,1.94
M-0935,Cotton,109.64,53.93,0.78,2.08,9.37
M-0537,Cotton,89.54,96.26,0.87,14.21,54.49
M-0855,Bamboo,81.24,29.58,0.75,7.21,32.02
M-0065,Bamboo,441.45,99.32,0.25,25.94,47.71
M-1188,Aluminum,421.27,61.7,0.57,6.62,58.53
M-0650,Steel,,8.57,0.13,27.12,24.99
M-0928,Paper,231.34,88.76,0.96,9.37,96.47
M-1233,Steel,256.18,31.32,0.66,31.51,68.83
M-0964,Bamboo,256.91,70.93,0.75,18.18,44.73
M-0520,Plastic,181.25,69.56,0.94,45.7,35.5
M-0432,Wood,203.84,84.37,0.67,25.22,40.96
M-0362,Aluminum,151.0,5.36,0.5,33.87,91.83
M-0496,Bamboo,331.8,79.23,0.93,34.9,
M-1304,Wood,475.56,53.02,0.08,1.42,69.32
M-0985,Cotton,108.82,42.15,0.43,19.56,8.76
M-1110,Glass,377.82,67.65,0.89,34.01,19.67
M-0715,Cotton,499.74,86.37,0.68,24.71,37.34
M-0317,Glass,157.45,27.08,0.13,35.14,3.43
M-1393,Cotton,369.61,,0.58,25.24,64.49
M-1252,,161.14,81.25,0.47,4.92,68.73
M-1444,Glass,302.2,27.27,0.93,40.36,20.73
M-0274,Cotton,486.98,,0.83,23.46,79.27
M-0583,Paper,152.8,16.26,0.44,40.99,94.22
M-1108,Wood,257.24,41.37,0.94,23.45,
M-0838,Steel,231.94,6.46,,11.09,73.07
M-0324,Plastic,58.04,,0.6,32.67,7.44
M-1088,Cotton,202.22,77.08,,10.31,69.19
M-0734,Cotton,52.59,82.63,0.57,3.18,49.63
M-0382,Wood,273.14,71.87,0.22,29.54,46.09
M-0822,Paper,125.61,62.95,0.67,15.95,54.23
M-0144,Cotton,228.73,18.55,,29.57,38.36
M-1301,Bamboo,256.24,81.36,0.2,17.37,12.73
M-0023,Plastic,107.37,51.33,0.34,15.6,63.61
M-0544,Plastic,360.26,29.66,0.91,45.87,49.28
M-1352,Cotton,289.86,59.23,0.58,30.22,98.83
M-0204,Aluminum,461.49,37.99,0.14,21.15,0.71
M-0207,Cotton,283.51,47.18,0.93,18.97,54.08
M-0852,Plastic,195.52,76.1,0.78,36.41,17.67
M-1000,Glass,111.7,64.98,0.8,5.22,66.24
M-1179,Bamboo,339.05,87.12,0.74,14.15,77.25
M-0218,Steel,183.7,8.75,0.04,43.06,36.22
M-0829,Bamboo,323.19,19.71,0.98,28.03,91.66
M-0151,Glass,143.55,37.36,0.43,12.96,
M-1423,,128.7,73.84,0.02,13.07,48.64
M-0938,Steel,269.18,38.61,0.01,15.56,31.17
M-0034,Plastic,205.56,9.34,0.83,44.67,31.59
M-1290,Aluminum,162.93,10.94,0.92,30.74,97.3
M-0307,Paper,395.23,54.64,0.82,6.51,80.27
M-0171,Cotton,440.81,,0.95,10.42,93.44
M-1464,Glass,483.26,64.16,,41.36,55.78
M-0742,Wood,217.96,,0.69,27.56,39.73
M-1266,Glass,234.99,94.11,0.21,12.41,77.22
M-0361,Paper,417.12,84.74,0.56,4.77,72.03
M-1175,Aluminum,407.39,84.53,0.05,22.37,94.04
M-0647,Steel,243.9,56.21,0.3,45.83,16.25
M-1477,Bamboo,185.57,10.87,0.58,17.53,35.95
M-1275,Bamboo,238.46,20.91,0.93,4.27,23.01
M-0219,Cotton,304.88,50.18,0.59,42.4,
M-0296,Paper,327.14,51.32,0.43,4.69,38.31
M-1020,Steel,227.51,70.42,0.35,32.27,71.9
M-1442,Plastic,458.24,54.85,0.7,11.67,39.5
M-0708,Cotton,354.43,86.86,0.14,19.07,40.47
M-1401,Glass,200.84,78.1,0.31,5.35,
M-0076,Plastic,463.94,95.73,,29.35,81.11
M-1036,Plastic,452.8,12.19,0.38,28.87,48.92
M-0556,Cotton,441.94,97.84,0.08,5.33,91.37
M-1394,Wood,191.46,49.3,0.77,44.84,37.39
M-0185,,127.26,96.31,0.31,30.21,94.76
M-0811,Glass,209.04,,0.72,20.77,73.55
M-0337,Steel,326.04,11.82,0.13,21.92,65.4
M-0234,Paper,83.81,19.14,0.23,36.62,83.5
M-0501,Bamboo,408.44,41.88,0.38,12.94,85.34
M-0604,Wood,376.37,92.23,0.96,43.33,54.45
M-0697,Bamboo,361.68,53.82,0.18,17.59,55.74
M-0320,Wood,179.26,93.28,0.85,48.75,18.29
M-0953,Steel,190.32,23.42,0.66,46.08,64.47
M-0603,Paper,247.38,23.2,,42.73,49.63
M-0410,Wood,63.16,67.45,0.57,31.79,58.1
M-0439,Bamboo,185.43,51.82,0.69,8.18,50.19
M-0843,Aluminum,107.78,42.91,0.5,17.6,72.49
M-1280,Paper,344.38,46.78,0.12,42.24,80.61
M-1326,Aluminum,441.76,40.29,0.52,35.63,25.0
M-1425,Cotton,152.23,62.79,0.45,7.45,63.81
M-0797,Steel,,45.16,0.01,6.18,77.95
M-1294,Aluminum,101.65,37.55,0.67,14.16,70.51
M-0925,Aluminum,405.51,11.7,0.41,26.08,51.76
M-0322,Steel,155.12,91.08,0.68,4.2,43.24
M-1383,Glass,301.89,48.54,0.1,33.62,97.09
M-1144,Bamboo,141.82,35.9,0.24,34.98,44.15
M-0467,Cotton,,66.41,0.04,10.23,56.57
M-1274,,73.52,14.59,0.72,10.16,41.05
M-0881,Steel,390.27,81.48,0.12,19.42,48.86
M-0081,Bamboo,151.07,29.47,0.38,13.68,93.15
M-1470,Aluminum,100.66,29.8,0.06,15.27,73.34
M-0473,Glass,244.55,79.14,0.9,39.98,13.16
M-0182,,425.72,83.54,0.18,5.34,9.35
M-0430,Paper,293.57,54.01,0.31,,50.14
M-1176,Bamboo,91.85,63.85,0.26,8.69,26.07
M-0796,Bamboo,267.6,71.93,0.81,38.18,4.67
M-0332,Aluminum,90.23,89.42,0.23,18.75,76.51
M-1408,Steel,206.57,53.51,0.76,16.71,38.5
M-1002,Bamboo,146.84,15.96,0.44,9.52,68.81
M-0503,Steel,102.79,29.69,0.34,6.24,26.53
M-0674,Wood,116.75,22.25,0.73,32.75,41.58
M-0711,Bamboo,227.24,23.55,0.4,20.62,47.95
M-0987,Paper,252.4,25.86,0.51,,91.46
M-1332,Wood,79.34,84.63,0.11,47.15,14.18
M-0154,Glass,312.37,34.57,0.25,13.13,64.34
M-1279,Steel,165.44,96.94,0.73,18.9,52.44
M-1327,Aluminum,157.46,23.54,0.61,46.08,60.95
M-0557,Cotton,371.34,76.94,0.48,17.77,83.3
M-0080,Paper,253.5,9.86,0.22,26.01,40.5
M-1225,Aluminum,,84.62,0.25,35.98,51.62
M-1150,Aluminum,402.71,59.79,0.91,42.99,88.49
M-1427,Bamboo,175.67,21.48,0.89,,23.6
M-0355,Cotton,497.71,,,2.95,26.17
M-1340,Wood,221.19,23.66,0.12,39.74,88.42
M-0600,Wood,68.05,39.06,0.63,25.8,94.06
M-0422,Plastic,491.53,42.54,0.99,15.02,88.68
M-0280,Plastic,423.01,,0.36,15.34,15.22
M-0423,Wood,334.32,72.75,0.44,32.38,37.83
M-1240,Glass,378.28,45.22,0.77,36.02,83.86
M-0459,Glass,173.13,6.67,0.09,33.17,38.32
M-0348,Paper,133.9,52.19,0.08,34.44,4.37
M-1399,Paper,272.4,61.71,0.62,34.6,32.09
M-1368,Wood,326.88,85.29,0.48,19.19,
M-0153,,131.65,43.91,0.92,47.95,3.78
M-0490,Steel,133.49,12.18,0.33,23.32,43.4
M-1388,Paper,379.17,8.81,0.08,29.78,96.38
M-0988,Paper,,96.19,0.35,32.89,20.87
M-1289,Paper,151.39,,0.73,23.54,34.65
M-0326,Wood,242.5,65.85,0.58,7.29,
M-0575,Bamboo,489.14,35.56,0.81,9.52,6.8
M-1487,Bamboo,,67.88,0.69,47.24,70.27
M-1370,Plastic,447.09,21.64,0.28,36.55,52.98
M-0417,Steel,424.46,17.98,0.24,,85.97
M-0122,Steel,171.84,85.33,0.18,18.0,8.29
M-0920,Cotton,417.85,43.92,0.7,7.97,34.23
M-1192,Glass,200.41,55.13,0.43,,64.1
M-0237,Wood,359.78,50.92,0.1,12.03,42.94
M-0611,Steel,460.56,87.34,0.06,23.31,70.45
M-1087,Aluminum,107.64,91.28,0.38,9.24,60.57
M-0420,Wood,179.17,34.98,0.1,37.63,24.18
M-1165,Steel,251.87,79.46,0.17,10.76,
M-1231,Bamboo,133.75,19.6,0.98,30.03,20.03
M-1410,Plastic,386.97,91.51,,,78.33
M-1373,,485.21,,0.06,24.77,11.79
M-0817,Aluminum,350.4,6.44,,24.84,91.99
M-1099,Wood,449.12,34.81,0.76,30.22,11.85
M-0701,Plastic,273.73,83.61,0.42,8.18,53.64
M-1060,Paper,94.28,49.1,0.86,40.63,
M-1495,Wood,435.06,5.65,0.72,24.38,33.3
M-0824,Bamboo,438.26,30.75,0.76,23.57,74.63
M-0695,Plastic,440.66,77.11,0.41,48.31,33.97
M-0457,Wood,357.48,16.42,0.59,44.89,25.28
M-0999,Cotton,392.13,87.7,0.39,36.29,30.26
M-0676,Steel,484.3,90.68,0.39,36.16,36.77
M-0206,Steel,222.41,18.22,0.87,11.66,35.98
M-0443,Aluminum,205.65,5.94,0.5,34.49,50.49
M-1124,Bamboo,428.32,67.89,0.24,45.7,89.21
M-0449,Bamboo,387.34,78.53,0.44,49.22,93.24
M-1132,Plastic,443.0,46.07,0.47,26.97,45.72
M-0138,Aluminum,157.18,62.1,0.64,48.38,35.82
M-0551,Aluminum,64.21,80.3,0.08,15.67,12.9
M-0063,Steel,106.1,51.89,0.23,46.42,1.28
M-0176,Wood,60.11,90.51,,29.25,3.96
M-1343,Bamboo,141.69,58.93,,19.82,58.59
M-0775,Plastic,268.64,10.38,0.81,5.45,35.48
M-0635,Plastic,,11.56,0.88,24.53,68.74
M-0976,Plastic,78.03,89.63,0.0,31.78,13.97
M-0455,Steel,269.89,,0.11,45.85,93.4
M-0297,Wood,154.83,12.38,0.33,6.51,72.95
M-0622,Plastic,131.44,94.91,0.39,12.6,63.33
M-1243,Bamboo,324.6,88.69,0.34,21.13,27.4
M-1392,Wood,293.36,91.3,0.13,39.91,70.35
M-0409,Paper,442.33,25.14,,,31.44
M-0913,Steel,463.73,33.6,0.46,13.2,77.79
M-0041,Glass,119.01,63.02,0.21,14.81,82.59
M-0646,Steel,423.0,88.21,0.84,13.05,6.16
M-0170,Wood,,41.86,0.81,16.72,41.19
M-1104,Aluminum,430.93,53.17,0.34,28.89,29.58
M-0737,Paper,228.28,9.91,0.03,28.78,42.09
M-0294,Plastic,331.65,63.29,0.62,41.58,15.06
M-0288,Steel,376.15,18.57,0.79,43.98,44.86
M-0061,Glass,493.18,,0.69,,77.4
M-0654,Steel,381.38,44.57,0.36,19.42,40.45
M-0960,Bamboo,342.59,63.0,0.65,3.51,84.08
M-0488,Paper,262.94,56.73,0.77,14.04,86.88
M-0242,Bamboo,362.61,24.31,0.21,37.84,24.07
M-0904,Bamboo,212.06,45.62,0.85,4.08,81.23
M-1430,Bamboo,280.69,,0.91,26.85,9.48
M-0678,Cotton,478.32,98.56,0.1,34.0,30.96
M-1227,Bamboo,166.68,96.29,0.12,26.34,92.17
M-0106,Plastic,135.81,16.45,0.08,20.88,32.7
M-0096,Wood,236.58,68.51,0.66,27.34,19.36
M-1103,Paper,437.62,91.24,0.78,2.84,79.03
M-1314,Steel,256.66,44.77,0.33,29.27,16.98
M-0662,Glass,100.36,5.14,0.0,46.4,44.67
M-0508,Glass,271.22,89.56,0.45,,4.39
M-1303,Bamboo,124.6,60.17,0.19,29.7,96.03
M-0713,Aluminum,,36.88,1.0,20.92,91.38
M-1037,Cotton,336.5,41.84,0.88,43.52,34.19
M-1220,Glass,61.79,21.12,0.43,38.55,89.51
M-0618,Cotton,459.06,77.08,0.44,12.42,57.91
M-0051,Bamboo,368.26,81.25,0.3,39.39,5.71
M-1079,Wood,409.42,18.33,0.31,23.87,56.07
M-0133,Aluminum,58.87,92.08,0.96,13.78,32.17
M-0441,Aluminum,80.31,55.44,0.75,12.41,55.99
M-1271,Plastic,483.53,26.79,0.67,12.06,49.79
M-1055,Aluminum,207.37,25.91,0.82,19.74,11.53
M-0787,Bamboo,131.52,46.04,0.43,35.97,78.9
M-0240,Cotton,418.6,40.66,0.87,45.84,3.11
M-0306,Steel,207.82,95.74,,35.81,11.97
M-0261,Aluminum,149.54,10.93,0.03,7.53,25.05
M-0599,Paper,494.44,58.59,0.83,16.68,70.66
M-0345,Glass,153.8,18.57,0.33,18.64,35.67
M-0042,Bamboo,313.8,31.66,0.07,10.03,30.35
M-1426,Wood,426.67,31.7,0.82,43.08,28.82
M-0973,Aluminum,186.47,12.94,0.2,10.33,0.53
M-0380,Aluminum,,41.83,0.0,5.48,94.51
M-0760,Bamboo,394.2,9.92,0.94,13.41,93.04
M-0249,,477.61,98.17,0.53,28.9,34.56
M-1190,Cotton,84.68,93.27,0.81,26.95,47.54
M-0866,Aluminum,351.27,,0.32,35.42,44.84
M-0980,Wood,326.85,26.12,,20.12,54.24
M-0342,Paper,342.34,81.38,0.34,26.74,92.32
M-1459,Wood,181.5,31.75,0.87,33.41,30.54
M-0595,Paper,384.22,59.83,,43.8,
M-0530,Plastic,274.5,24.87,0.39,12.52,60.6
M-1063,Bamboo,169.27,72.33,0.01,33.87,10.34
M-0836,,111.4,69.61,0.97,23.43,67.51
M-1065,Wood,86.98,25.68,0.77,14.6,22.99
M-0243,Paper,172.47,77.37,0.75,28.85,23.99
M-0266,Plastic,466.36,93.01,0.26,39.02,86.56
M-1197,Plastic,248.09,81.42,0.62,48.47,62.49
M-0169,Bamboo,393.62,7.94,0.67,25.06,61.53
M-0485,Steel,343.25,94.56,0.02,34.18,33.86
M-0740,Paper,251.91,86.95,0.56,41.31,80.75
M-1491,Aluminum,407.56,90.91,0.98,9.38,71.02
M-1114,Bamboo,295.26,30.09,0.33,24.02,62.73
M-0379,Plastic,217.71,51.91,0.3,27.78,32.45
M-1460,Glass,459.85,96.52,0.18,45.26,15.77
M-1466,Wood,187.14,34.63,0.61,21.34,50.65
M-0873,,303.03,10.94,0.15,1.19,15.72
M-0272,Cotton,183.81,17.77,0.24,29.29,81.68
M-0044,Cotton,325.15,54.07,,2.07,31.69
M-0438,Cotton,80.53,,0.58,45.68,37.99
M-1038,Bamboo,326.27,81.34,0.91,22.17,92.42
M-0780,Glass,292.62,65.07,0.18,5.96,25.94
M-0071,Plastic,411.28,91.22,0.35,14.84,48.22
M-0388,,,77.3,0.32,42.18,62.63
M-1151,Steel,299.4,11.39,0.01,34.53,57.7
M-1315,,73.38,,0.74,8.59,96.57
M-0597,Steel,205.67,79.82,0.8,11.36,45.5
M-1333,Bamboo,258.77,39.33,0.84,37.24,21.38
M-0013,Glass,161.82,89.79,0.53,28.33,16.41
M-0250,Glass,250.7,43.72,0.16,31.95,62.15
M-0193,Aluminum,,77.38,0.08,7.56,67.3
M-1299,,294.59,33.73,0.33,8.08,87.02
M-0648,Aluminum,161.92,31.83,0.08,17.43,89.5
M-1336,Wood,274.02,36.18,0.5,21.1,66.07
M-0431,Aluminum,483.35,30.42,0.4,12.53,23.36
M-0463,Wood,123.63,38.07,0.54,23.19,26.72
M-1433,Wood,64.94,78.41,0.13,43.36,6.9
M-0227,Steel,317.79,17.41,0.37,17.14,74.87
M-1276,Cotton,167.07,18.99,0.53,49.93,40.61
M-0159,Aluminum,166.74,98.86,0.57,16.73,85.15
M-0175,Cotton,241.35,32.48,0.99,22.79,61.56
M-0907,Plastic,299.21,,0.84,37.42,71.63
M-1358,Glass,457.76,32.14,,27.31,49.48
M-0512,,408.9,5.74,,46.87,19.04
M-0118,Wood,131.87,58.07,0.68,19.18,17.97
M-1117,Bamboo,69.43,35.83,0.36,18.48,19.37
M-1119,Steel,109.28,23.14,0.6,25.68,35.78
M-0833,Glass,317.51,24.25,0.78,19.49,0.13
M-0626,Plastic,441.84,50.25,0.48,13.66,7.87
M-0912,Steel,282.06,7.08,0.6,15.76,62.15
M-1437,Wood,442.04,93.27,0.68,19.26,24.1
M-0479,Aluminum,492.79,28.43,0.47,9.18,94.74
M-1204,Plastic,381.05,40.45,0.67,16.69,5.71
M-0173,Glass,452.55,76.84,0.78,48.77,21.03
M-0686,Wood,63.49,,,36.9,89.67
M-1351,Paper,461.79,18.42,0.45,27.14,81.62
M-0532,Cotton,366.11,85.15,0.73,20.85,5.36
M-0102,Plastic,387.48,91.76,,49.78,93.15
M-0075,,291.83,83.26,0.21,3.69,21.53
M-0223,,379.66,91.4,0.28,3.98,6.07
M-0786,Aluminum,104.85,31.25,0.59,12.55,70.13
M-1336,Wood,274.02,36.18,0.5,21.1,66.07
M-0295,Plastic,448.69,13.42,0.41,31.68,93.26
M-0762,Plastic,373.16,32.33,0.47,,99.55
M-0270,Glass,,73.66,0.23,32.55,74.77
M-0584,Plastic,498.35,32.44,0.64,22.17,
M-0313,,395.72,9.77,0.77,13.91,67.71
M-0853,Steel,152.0,91.88,0.91,16.64,58.02
M-1402,Glass,128.19,42.8,0.2,43.38,82.38
M-1481,Glass,384.44,19.29,0.66,23.52,20.3
M-1064,Steel,59.43,5.79,0.51,14.2,43.15
M-1349,Cotton,,40.36,0.42,46.12,44.08
M-1155,Cotton,385.58,76.08,0.93,3.93,
M-1171,Cotton,363.03,77.61,0.95,49.43,64.78
M-1159,Paper,197.12,27.94,0.74,26.09,39.48
M-1343,Bamboo,141.69,58.93,,19.82,58.59
M-1235,Plastic,110.07,60.4,0.55,10.55,43.87
M-0341,Glass,474.23,83.14,0.73,16.27,9.09
M-0279,,193.6,5.84,0.74,22.32,38.35
M-1057,Cotton,347.62,40.39,0.08,,71.95
M-0887,Aluminum,229.69,75.57,0.33,,32.66
M-0986,Plastic,448.97,27.25,0.12,42.31,63.38
M-0014,Glass,384.78,47.12,0.29,3.68,
M-1073,Plastic,326.76,77.82,0.38,27.74,41.19
M-1251,Bamboo,167.77,32.22,,10.86,72.03
M-1405,Plastic,95.29,7.89,0.68,12.73,79.51
M-0026,Wood,117.46,62.06,0.93,12.15,
M-0522,Bamboo,437.06,31.1,0.95,36.33,96.39
M-1312,Plastic,280.63,83.13,0.92,,25.71
M-1446,Aluminum,251.17,7.86,0.8,37.3,31.67
M-1142,Aluminum,230.67,90.3,0.06,21.27,50.36
M-1447,Cotton,,96.34,0.74,33.43,67.73
M-1086,Aluminum,345.42,76.25,0.09,37.49,
M-0218,Steel,183.7,8.75,0.04,43.06,36.22
M-0896,Paper,389.87,40.0,0.74,9.24,68.91
M-1269,Steel,59.82,11.75,0.56,49.06,
M-0187,Plastic,,41.62,0.42,,31.73
M-1353,Bamboo,121.08,22.6,0.57,18.94,38.89
M-0374,Cotton,414.28,91.44,0.9,38.24,87.95
M-0433,Steel,,6.4,0.68,,78.01
M-0451,Wood,391.22,54.52,0.85,15.45,36.9
M-1499,Glass,319.54,43.23,0.46,49.65,91.32
M-1077,Wood,68.88,81.29,0.69,47.59,94.41
M-0755,Plastic,221.09,59.32,0.5,8.7,55.68
M-1010,Cotton,296.58,90.09,0.99,11.56,19.64
M-1382,Paper,55.67,19.44,0.51,7.78,60.86
M-0088,Aluminum,213.08,40.06,0.12,28.97,61.91
M-1297,Glass,80.45,12.86,,28.4,70.75
M-1189,Glass,274.22,93.18,0.76,7.18,35.93
M-0199,Steel,443.25,10.48,0.16,27.7,88.25
M-1230,Glass,428.87,43.18,0.04,7.22,70.92
M-0519,Cotton,320.01,52.56,0.81,14.13,48.49
M-0917,,,93.08,0.11,20.96,64.28
M-1485,Bamboo,350.51,28.43,0.5,8.89,9.69
M-0383,Paper,86.47,5.41,0.66,10.14,67.13
M-1457,Wood,176.02,,0.8,46.57,12.7
M-0851,Bamboo,136.34,13.8,0.2,18.27,66.8
M-0936,Aluminum,437.91,55.88,0.39,40.33,76.81
M-0844,Bamboo,96.85,84.78,0.31,,89.48
M-1418,Bamboo,106.82,20.26,,37.48,68.55
M-0869,Bamboo,301.0,,,13.99,97.12
M-0395,Glass,170.16,9.58,0.92,30.22,93.36
M-0231,Wood,200.41,31.2,0.83,40.77,19.41
M-1148,Plastic,134.61,85.26,,17.15,49.05
M-0364,Plastic,291.64,75.39,0.09,12.99,19.13
M-0766,Glass,53.4,36.73,0.41,37.92,82.06
M-0028,Plastic,375.01,53.1,0.57,17.3,45.34
M-0974,Glass,95.47,6.82,0.42,18.97,74.82
M-1436,Plastic,472.24,58.75,0.94,1.79,14.93
M-0771,Steel,77.12,32.15,0.86,21.48,36.94
M-0229,Aluminum,273.36,,0.05,38.55,77.12
M-0572,Glass,121.8,26.72,0.94,22.85,53.21
M-1186,Paper,412.25,41.98,0.35,28.55,12.19
M-1500,Bamboo,101.72,89.04,0.48,20.99,79.78
M-0542,Plastic,109.72,98.21,0.08,33.48,7.8
M-0116,Paper,301.84,9.16,0.35,49.52,30.34
M-0330,Cotton,477.48,66.54,0.23,22.52,73.83
M-0152,Glass,61.94,11.81,0.38,48.37,19.96
M-1234,Aluminum,267.34,92.52,0.84,1.49,
M-0354,Cotton,467.49,35.17,0.17,33.12,61.34
M-0529,Plastic,114.12,,0.13,41.33,75.84
M-0299,Steel,441.54,43.68,0.85,13.62,20.52
M-0911,Glass,320.27,47.17,0.51,8.58,3.84
M-1389,Bamboo,134.34,32.69,0.68,5.18,53.9
M-1098,Wood,138.86,24.21,,49.02,49.4
M-0271,Wood,363.84,70.79,0.41,41.88,55.07
M-1350,Steel,228.19,67.86,0.04,,
M-0130,Paper,149.89,80.85,0.23,12.68,26.56
M-1245,Bamboo,388.12,67.61,0.07,48.34,11.68
M-1152,Steel,52.35,14.02,0.48,44.24,22.11
M-1134,Bamboo,392.5,29.66,0.18,13.09,88.78
M-1249,Plastic,75.67,23.68,0.82,11.87,90.84
M-0531,Aluminum,328.17,9.75,,32.96,57.03
M-0652,Cotton,125.43,77.73,0.52,27.6,69.06
M-1217,,133.01,48.24,0.97,27.37,27.49
M-1069,Steel,331.1,81.43,0.89,32.74,90.59
M-0188,Bamboo,461.43,37.34,0.16,42.24,76.63
M-1337,Glass,97.46,48.13,0.77,24.06,95.06
M-0995,Paper,237.27,71.7,0.23,38.09,46.34
M-0156,Plastic,451.7,62.55,0.48,44.88,
M-0120,Steel,475.75,74.27,0.07,9.35,
M-1163,Plastic,498.35,7.13,0.53,,53.75
M-1441,Aluminum,167.13,83.55,0.33,39.72,87.34
M-0602,Cotton,310.4,27.84,0.6,48.03,4.22
M-1034,,336.74,88.84,0.29,35.97,1.3
M-0596,Paper,241.47,38.93,0.35,12.59,26.78
M-0679,Plastic,337.6,76.65,0.18,31.11,66.37
M-0372,Cotton,480.04,89.73,0.53,45.64,12.25
M-1439,Cotton,404.8,11.29,0.94,27.63,52.02
M-0767,Steel,341.36,74.61,0.52,7.49,28.52
M-0086,Glass,238.52,41.46,0.3,47.29,15.65
M-1027,Plastic,359.66,85.12,0.0,13.53,34.1
M-1367,,248.15,,0.46,10.78,73.11
M-1089,,467.64,61.73,0.04,23.57,38.31
M-0682,Steel,282.02,67.8,0.55,17.21,46.01
M-0493,Aluminum,396.91,23.6,0.76,41.79,11.98
M-0024,Cotton,228.78,66.96,0.73,39.22,16.47
M-0205,Paper,238.45,60.14,0.23,35.5,81.94
M-1374,Plastic,237.99,88.04,0.49,27.5,65.49
M-0685,,112.84,72.39,0.07,20.08,2.3
M-1305,Plastic,432.49,18.69,0.44,,80.14
M-1147,Bamboo,327.19,83.41,0.15,25.41,70.61
M-0847,Plastic,173.37,97.82,0.75,3.56,20.94
M-1191,Glass,76.35,37.48,0.34,14.17,36.35
M-0009,,452.25,35.11,0.43,21.44,99.92
M-1224,Bamboo,283.14,71.47,0.71,48.48,90.58
M-0940,Plastic,394.16,,0.98,8.14,83.78
M-1480,Cotton,184.96,61.55,0.6,40.56,52.51
M-0683,Bamboo,269.98,12.45,0.48,13.17,19.34
M-1185,Cotton,354.41,72.2,0.49,38.96,26.25
M-0731,Glass,418.03,46.58,0.16,32.61,34.3
M-0865,Paper,199.85,23.93,0.25,14.22,24.53
M-0963,Wood,401.34,22.03,0.26,20.65,23.71
M-0302,Aluminum,288.02,15.54,0.69,19.87,52.73
M-1174,Bamboo,209.97,8.7,,13.85,
M-1029,Steel,164.6,36.69,0.24,42.34,89.73
M-1494,Plastic,,10.28,0.91,43.23,41.17
M-1205,Steel,499.26,94.46,0.45,45.43,89.38
M-1258,Glass,399.52,49.18,0.85,45.84,25.74
M-0948,Cotton,110.82,88.25,0.51,42.27,68.95
M-1177,Bamboo,,58.52,,47.43,85.33
M-1031,Bamboo,67.29,47.87,0.07,41.52,45.55
M-0127,Plastic,,,0.17,,19.28
M-1033,Aluminum,257.66,86.22,,38.35,87.92
M-0399,Cotton,432.76,46.11,0.73,31.66,44.3
M-1449,Wood,295.99,93.65,0.39,40.63,57.72
M-1381,Wood,123.01,76.28,0.56,21.19,77.84
M-0548,Paper,97.06,64.12,0.15,48.89,48.75
M-0027,Wood,153.16,75.64,0.82,9.14,73.68
M-0807,Cotton,324.94,62.35,0.66,24.12,18.86
M-0001,Bamboo,102.6,13.92,0.9,19.92,28.74
M-1223,Aluminum,172.88,62.92,0.53,32.73,16.16
M-0840,Steel,372.92,29.04,0.73,2.04,7.42
M-1008,Steel,269.53,24.59,0.78,33.51,88.17
M-0609,Paper,,8.42,0.57,1.98,19.71
M-0781,Aluminum,190.09,23.9,0.27,31.53,8.46
M-0267,Paper,131.26,6.82,0.89,,24.13
M-0946,Bamboo,80.68,53.04,0.88,8.64,67.81
M-0474,Paper,474.63,48.51,0.81,7.93,30.23
M-1272,Wood,302.08,49.57,0.44,11.38,84.18
M-0411,Glass,421.62,49.87,0.51,10.02,72.99
M-0655,Wood,348.71,54.64,0.99,5.86,36.36
M-0288,Steel,376.15,18.57,0.79,43.98,44.86
M-0281,Paper,66.65,69.3,0.67,27.73,66.67
M-0550,Bamboo,,23.06,,9.02,63.94
M-1491,Aluminum,407.56,90.91,0.98,9.38,71.02
M-0184,Glass,286.56,32.4,0.22,4.14,12.88
M-0534,Aluminum,54.4,80.35,0.06,6.27,62.25
M-0018,,444.54,71.75,0.43,24.0,23.23
M-0077,Paper,205.86,83.01,0.47,5.05,19.72
M-1456,Steel,463.13,89.06,0.38,41.08,25.51
M-1011,Steel,254.47,24.41,0.48,6.9,61.38
M-0671,Aluminum,192.27,35.9,0.1,,19.62
M-1256,Plastic,391.73,64.15,,40.57,36.37
M-1403,Aluminum,370.41,83.62,0.91,16.71,10.31
M-1146,Wood,379.88,99.63,0.08,14.62,84.88
M-0060,Steel,100.96,37.8,0.05,44.8,31.65
M-0244,Aluminum,315.6,41.72,0.05,14.46,8.34
M-0612,Plastic,144.8,31.84,0.6,26.38,45.38
M-1409,Bamboo,252.66,63.44,0.47,,40.23
M-1403,Aluminum,370.41,83.62,0.91,16.71,10.31
M-0982,Cotton,330.75,62.74,0.07,45.66,14.11
M-1498,,424.12,44.06,0.86,4.63,59.09
M-0202,Cotton,349.27,96.81,0.83,12.7,47.38
M-1237,Aluminum,377.57,38.72,0.73,47.57,78.4
M-0180,Glass,166.05,89.4,0.12,36.08,63.81
M-1377,Paper,335.6,5.06,0.55,40.58,12.69
M-0571,Wood,161.2,92.99,0.58,42.3,24.6
M-0837,,362.82,43.77,0.39,38.22,41.74
M-1435,Paper,343.92,69.35,0.75,35.01,28.88
M-0684,Paper,350.09,56.73,0.92,49.41,21.04
M-0665,Aluminum,289.03,26.31,0.41,26.35,48.53
M-1200,Steel,245.31,,0.85,28.03,27.89
M-0645,Cotton,201.65,19.4,0.95,23.73,27.82
M-1226,Wood,473.31,81.27,0.45,46.31,15.37
M-0949,Wood,483.4,14.74,0.14,11.26,34.4
M-0095,Wood,116.9,94.46,0.16,48.08,90.94
M-0225,,64.03,55.67,0.27,1.48,54.66
M-0538,Bamboo,207.78,23.71,0.58,41.16,28.35
M-0840,Steel,372.92,29.04,0.73,2.04,7.42
M-0161,Bamboo,315.63,70.39,0.04,34.7,41.61
M-0564,Bamboo,417.78,20.46,0.88,14.79,36.26
M-1341,Bamboo,399.03,95.39,0.04,23.24,86.27
M-0046,Paper,442.46,5.73,0.66,7.59,28.56
M-0991,Plastic,422.39,44.5,0.72,46.07,60.38
M-1379,Wood,446.87,80.3,0.34,28.24,86.74
M-1296,Plastic,375.27,19.72,0.6,5.22,10.08
M-1164,Wood,215.74,39.24,0.2,20.41,4.93
M-0113,Cotton,285.98,33.03,0.37,27.65,95.78
M-0444,Cotton,329.41,,0.73,30.09,17.64
M-0358,Cotton,391.21,,0.05,,24.47
M-1445,Glass,99.95,37.78,,28.53,37.78
M-0327,Glass,222.95,98.0,0.43,,57.4
M-0319,Bamboo,209.58,81.33,0.67,,15.48
M-0670,Bamboo,470.24,33.78,0.18,29.7,
M-0350,Bamboo,207.56,17.71,0.03,36.05,
M-0977,Cotton,279.24,27.95,0.92,6.95,9.61
M-0163,,330.87,51.13,0.01,37.09,20.06
M-0992,Paper,380.13,45.75,0.11,5.65,16.39
M-0790,Bamboo,286.32,54.28,0.09,43.46,39.37
M-0933,Aluminum,338.44,34.43,0.94,6.7,61.49
M-0577,,131.95,74.24,0.02,32.23,21.46
M-1451,Cotton,489.56,63.09,0.3,28.99,19.13
M-0849,Bamboo,88.55,5.79,0.41,10.71,99.74
M-1431,Aluminum,187.39,76.32,0.39,33.12,0.68
M-1083,Steel,312.09,21.14,0.65,27.37,20.62
M-0580,Plastic,274.19,7.77,0.81,27.21,57.35
M-0728,Glass,393.03,6.08,0.36,8.35,1.28
M-0719,Cotton,441.84,94.97,0.95,46.89,61.42
M-0321,Cotton,183.34,43.48,0.32,48.8,36.5
M-0656,Steel,263.58,10.19,0.68,31.52,21.68
M-0407,Wood,121.37,83.11,0.54,34.13,
M-0447,Glass,488.07,69.37,0.03,22.95,13.11
M-0425,Cotton,335.3,89.57,0.87,47.94,9.68
M-0389,Aluminum,266.26,95.32,0.67,1.86,66.91
M-1261,Bamboo,65.13,36.85,0.17,3.56,
M-1017,Plastic,381.81,50.05,0.86,49.09,28.25
M-1400,Steel,422.71,99.96,0.13,43.09,25.23
M-0406,Paper,388.72,44.57,0.01,7.36,
M-0149,Aluminum,55.85,66.35,0.54,20.33,32.01
M-0110,Bamboo,79.57,18.5,0.83,25.42,63.39
M-1022,Aluminum,403.26,5.95,0.4,46.49,70.88
M-0996,,266.6,21.31,0.05,30.73,59.94
M-0567,Plastic,286.88,,0.72,6.9,3.93
M-0221,Glass,348.65,26.64,0.97,34.67,19.89
M-0706,Steel,468.93,70.99,,31.5,99.89
M-0329,Cotton,148.21,38.99,0.77,45.68,55.67
M-0100,Steel,317.92,5.96,0.07,34.95,7.17
M-0036,Steel,458.8,31.3,0.1,35.77,
M-0764,Plastic,58.2,38.53,0.63,25.59,11.29
M-1194,Cotton,,99.58,0.36,2.59,16.39
M-0050,Wood,465.12,37.19,0.57,2.33,52.68
M-1209,Aluminum,336.28,71.23,0.19,3.01,15.03
M-1348,Bamboo,,57.5,0.26,13.35,19.11
M-0094,,482.48,38.7,0.41,,8.54
M-0369,Glass,169.52,85.06,0.14,27.98,69.26
M-0062,Bamboo,427.5,88.05,0.46,31.14,5.21
M-1478,Cotton,,13.77,0.88,5.4,12.58
M-0569,Bamboo,86.73,,0.41,46.51,44.27
M-1131,Plastic,360.0,39.99,0.2,30.43,5.4
M-0727,Glass,413.53,84.7,0.42,3.44,66.74
M-0743,Plastic,152.27,57.51,0.57,23.52,33.68
M-0816,Steel,240.68,30.4,0.9,39.9,89.41
M-1278,Bamboo,491.58,77.13,0.05,41.93,22.76
M-0407,Wood,121.37,83.11,0.54,34.13,
M-0035,Wood,131.72,18.3,0.8,23.56,72.92
M-0300,Cotton,59.57,11.27,0.2,7.65,48.71
M-0663,Steel,171.39,74.29,0.67,35.81,25.41
M-0167,Cotton,,41.5,0.73,18.32,37.94
M-0788,Cotton,356.5,98.14,0.62,43.81,35.1
M-0637,Aluminum,398.06,53.16,0.96,28.73,9.47
M-1356,Paper,192.54,22.37,0.11,6.72,60.44
M-1318,Cotton,166.38,68.39,0.34,28.45,33.34
M-0226,Plastic,168.02,87.65,0.9,21.05,43.6
M-0107,Wood,66.45,90.73,0.35,9.29,62.8
M-1253,Cotton,457.81,99.74,0.85,24.25,9.58
M-1390,Aluminum,436.18,24.72,0.93,23.04,28.79
M-0908,Glass,187.49,11.08,0.55,36.44,66.94
M-1284,Aluminum,487.4,,0.6,1.45,10.93
M-0111,Cotton,398.99,6.11,0.81,30.56,7.19
M-1166,Plastic,374.93,58.79,0.92,21.81,24.48
M-0454,Wood,195.62,6.61,0.96,13.36,11.26
M-1046,Glass,88.16,11.32,0.32,44.18,0.07
M-0587,Wood,139.79,99.36,0.6,44.44,4.98
M-1242,Paper,121.51,62.65,0.57,15.65,
M-0561,Paper,86.05,28.5,0.28,9.16,96.69
M-0886,Steel,155.59,63.59,0.95,6.01,4.38
M-0805,Wood,152.64,67.39,0.46,42.56,
M-0680,Plastic,440.56,42.35,0.8,44.73,66.58
M-0342,Paper,342.34,81.38,0.34,26.74,92.32
M-0870,Wood,378.79,25.37,0.86,33.93,43.8
M-1292,Steel,302.55,81.86,0.59,40.44,26.83
M-0469,Steel,344.53,85.47,0.69,5.56,93.77
M-0428,,98.14,10.52,0.81,9.16,77.04
M-1135,Glass,122.03,8.2,0.11,,10.47
M-0104,Paper,454.12,88.0,0.94,,78.13
M-0365,Bamboo,316.82,35.05,0.6,21.64,51.71
M-0462,Steel,253.12,54.21,,48.45,17.08
M-0888,Wood,118.59,75.1,0.66,46.73,62.33
M-0378,Aluminum,233.8,70.27,0.95,,27.81
M-1126,Cotton,294.01,78.91,0.64,2.93,54.36
M-0230,Steel,318.58,80.45,,15.9,3.88
M-0525,Plastic,266.23,56.92,0.6,2.38,43.02
M-0371,Paper,449.94,79.95,0.29,,90.75
M-0025,Paper,408.78,,0.66,24.11,42.98
M-1346,Glass,406.78,66.25,0.44,14.34,90.53
M-1448,Cotton,439.05,68.45,0.06,18.42,28.96
M-1291,Aluminum,432.78,25.0,0.76,10.24,97.97
M-1182,Cotton,302.67,99.11,0.34,47.12,76.93
M-0677,Paper,52.22,81.64,0.24,39.06,10.06
M-0616,Glass,109.21,60.11,0.67,22.69,37.32
M-1173,Glass,328.82,77.42,0.6,3.85,17.85
M-0437,Cotton,,16.81,0.13,25.53,59.26
M-1359,Paper,174.61,93.08,0.77,46.89,74.23
M-0547,Steel,125.37,11.94,0.14,7.65,
M-0826,Paper,93.07,87.28,0.31,2.72,16.86
M-1467,Plastic,423.23,37.3,0.44,5.38,56.28
M-1265,Wood,,85.99,0.2,25.92,67.71
M-0927,Steel,86.41,68.1,0.05,28.52,74.93
M-0672,Wood,278.26,72.7,0.96,,69.01
M-0607,Bamboo,455.32,25.98,0.22,8.05,98.49
M-0341,Glass,474.23,83.14,0.73,16.27,9.09
M-0179,Aluminum,335.07,34.83,0.69,34.38,69.81
M-0841,Bamboo,361.6,47.77,0.58,,19.2
M-0043,Plastic,277.65,24.66,0.59,,39.85
M-0552,Paper,471.3,91.25,0.94,5.91,43.03
M-0857,Glass,80.43,73.73,0.85,25.16,18.79
M-0246,Wood,91.21,51.77,0.44,17.36,57.97
M-0594,Paper,377.23,95.34,0.83,1.82,48.93
M-0721,Plastic,305.16,41.15,0.91,39.77,81.79
M-0661,Cotton,142.63,26.89,0.08,20.91,42.42
M-0634,Aluminum,166.16,11.76,,49.79,56.12
M-0703,Aluminum,441.01,72.86,0.83,39.71,26.79
M-0045,Paper,58.15,5.52,0.03,38.95,46.74
M-0765,Steel,138.1,64.02,,,60.95
M-1354,Wood,,31.47,0.33,40.55,4.74
M-1039,Aluminum,79.99,90.67,0.49,48.36,2.44
M-0214,Bamboo,225.18,59.09,0.58,16.53,64.21
M-0360,Glass,119.25,10.96,0.58,23.51,41.59
M-0981,Paper,187.81,,0.12,29.35,52.75
M-1387,Aluminum,85.73,92.47,0.6,45.44,39.62
M-0509,Cotton,78.89,72.23,0.35,22.45,72.04
M-0586,Bamboo,342.65,92.36,0.05,30.18,23.41
M-0883,Glass,349.21,93.61,0.8,27.44,32.56
M-1157,Plastic,481.13,86.51,0.97,17.12,13.04
M-0099,Wood,275.99,61.4,0.71,23.05,59.9
M-1178,Cotton,266.44,64.34,0.23,,86.35
M-0292,Glass,405.83,,0.29,32.83,39.48
M-0922,Bamboo,445.09,29.72,0.88,31.67,56.14
M-0308,Plastic,230.87,33.46,0.04,37.06,24.7
M-1260,Glass,269.41,10.93,0.43,,3.97
M-1262,Glass,78.19,11.37,0.71,39.36,44.82
M-0468,Aluminum,356.22,97.55,0.5,,71.47
M-1295,Paper,437.06,87.14,0.62,25.25,45.1
M-1049,Steel,82.07,40.67,0.12,36.5,23.36
M-1207,Steel,339.15,,0.36,31.16,66.93
M-1247,Wood,480.48,86.98,0.12,19.22,20.95
M-0003,Steel,332.47,68.57,0.31,35.16,30.43
M-1416,Paper,490.6,46.63,0.98,38.08,36.32
M-0921,Steel,221.28,67.24,0.36,3.59,76.98
M-0738,Steel,362.96,52.96,0.35,46.68,96.14
M-0536,Wood,282.97,27.99,0.6,45.57,
M-0217,Paper,373.57,42.54,0.31,39.11,
M-0632,Paper,225.99,86.23,0.07,31.71,17.48
M-0005,Glass,112.67,88.5,0.27,43.29,0.14
M-0489,Aluminum,485.69,96.46,0.7,2.91,66.19
M-0052,Wood,118.64,59.34,0.94,1.52,11.05
M-1200,Steel,245.31,,0.85,28.03,27.89
M-0970,Glass,157.63,74.58,0.92,8.42,98.55
M-1385,Aluminum,373.71,13.91,0.96,32.33,68.15
M-0608,Cotton,239.77,8.7,0.63,1.42,94.58
M-1469,Paper,442.74,47.07,0.23,12.31,29.51
M-1307,Cotton,258.03,31.0,0.44,18.95,33.63
M-0057,Cotton,470.47,13.27,0.43,24.37,
M-0124,Bamboo,233.93,45.84,0.83,39.31,34.02
M-1414,Cotton,428.65,8.32,0.47,37.58,48.09
M-1286,Wood,207.28,17.32,0.38,13.27,9.9
M-1059,Wood,128.35,40.11,0.25,26.77,25.7
M-1066,Glass,485.54,67.86,0.93,46.74,51.59
M-1021,,256.75,29.06,0.01,18.15,50.39
M-0808,,234.96,12.31,0.68,25.03,50.79
M-1324,Wood,445.02,99.0,0.09,44.18,68.59
M-0377,Paper,89.14,13.48,0.68,22.46,7.05
M-0628,Wood,281.67,24.44,0.84,33.79,40.28
M-0772,Steel,470.5,46.11,0.58,42.81,50.58
M-0143,Paper,423.6,45.9,0.68,43.53,93.0
M-0834,Paper,273.55,60.82,0.77,13.65,12.02
M-0391,Glass,421.11,33.31,0.34,29.07,94.58
M-1331,Wood,62.23,50.9,0.07,44.2,31.38
M-0955,Glass,247.78,,0.42,5.43,4.92
M-0942,Steel,276.15,91.81,0.36,32.5,88.11
M-0331,Aluminum,403.86,16.68,0.69,2.96,33.56
M-1428,Glass,339.3,41.08,0.09,13.41,73.05
M-1427,Bamboo,175.67,21.48,0.89,,23.6
M-0481,Paper,452.34,76.01,0.7,41.25,0.93
M-0115,Bamboo,230.34,59.83,0.11,26.24,53.24
M-1026,Wood,191.93,83.03,0.83,32.98,2.57
M-0132,Steel,352.35,86.47,0.73,25.72,20.59
M-0480,Paper,234.2,50.99,0.19,46.26,42.34
M-0745,Glass,321.55,17.51,0.74,4.54,86.11
M-1424,Bamboo,435.08,15.6,0.03,4.1,29.85
M-0125,Steel,61.42,68.93,0.04,24.72,85.59
M-0555,Aluminum,369.08,54.54,0.83,,4.06
M-1306,Bamboo,351.06,64.28,0.66,35.94,39.76
M-0937,Wood,465.24,38.9,,39.61,74.72
M-0303,Glass,472.58,,0.82,47.21,92.99
M-0906,Plastic,471.63,66.69,0.17,2.59,75.33
M-0629,Bamboo,211.66,61.16,0.15,22.96,58.88
M-1076,Steel,288.64,76.42,0.16,10.47,85.67
M-0201,Bamboo,320.23,30.67,0.02,15.2,75.27
M-0108,Paper,262.43,11.31,0.55,48.9,27.52
M-0070,Wood,,,0.48,29.41,70.98
M-0692,Wood,92.26,62.15,0.83,12.48,7.51
M-0012,Bamboo,190.27,62.18,0.73,41.5,
M-0017,Paper,393.11,61.21,0.6,15.25,97.51
M-0228,Wood,73.14,80.1,0.55,34.98,82.79
M-0624,Plastic,271.53,44.85,0.4,41.67,60.42
M-0983,Paper,287.17,28.31,0.72,28.15,0.08
M-0751,Cotton,,68.91,0.6,32.76,54.29
M-1030,Steel,428.39,80.2,0.23,10.55,51.82
M-1244,Bamboo,110.91,88.88,0.65,11.67,31.48
M-0698,Plastic,427.15,53.34,0.8,1.35,25.6
M-0579,Plastic,346.42,45.73,0.09,18.72,18.91
M-1096,Plastic,158.31,73.06,0.39,4.58,61.45
M-0277,Aluminum,437.92,25.02,0.4,32.31,4.01
M-0384,Steel,149.08,20.86,0.63,10.22,16.22
M-1209,Aluminum,336.28,71.23,0.19,3.01,15.03
M-0314,Bamboo,238.0,11.93,0.25,14.68,77.85
M-1486,Bamboo,316.95,49.74,0.01,28.6,54.8
M-1005,Aluminum,489.14,37.03,0.86,20.62,24.72
M-1218,Plastic,213.01,68.44,,4.46,3.28
M-0779,Cotton,411.36,68.79,0.57,36.28,64.05
M-1167,Steel,448.79,34.71,0.33,19.89,68.06
M-0864,Plastic,195.95,13.68,0.11,27.7,39.72
M-1015,Steel,117.52,80.31,0.54,42.28,65.94
M-1012,Steel,429.96,53.24,0.99,42.73,8.77
M-1092,Bamboo,244.43,59.99,0.95,32.62,
M-0878,Plastic,291.12,12.71,0.5,15.7,
M-1241,Steel,394.48,13.03,0.98,30.59,65.48
M-0568,Cotton,379.22,6.15,0.04,29.46,65.49
M-1158,Aluminum,215.57,99.77,0.21,16.41,79.61
M-1285,Bamboo,323.84,27.09,0.17,4.7,79.44
M-1075,Aluminum,339.76,79.29,0.54,4.99,45.16
M-0495,Steel,392.46,64.13,0.41,9.02,28.45
M-0004,Bamboo,200.71,83.78,0.69,,8.65
M-0524,Bamboo,,48.67,0.48,36.25,2.34
M-0082,Paper,253.6,10.65,0.81,16.51,8.9
M-0850,Wood,452.39,46.19,0.27,43.85,28.11
M-1206,Wood,469.9,20.9,0.75,10.37,52.98
M-0659,Paper,,33.9,0.38,11.8,17.57
M-0162,Aluminum,170.63,18.35,0.27,14.4,97.79
M-0726,Steel,350.42,7.39,0.48,47.66,49.72
M-1375,Glass,492.85,28.72,0.91,41.1,28.33
M-0633,Steel,486.24,24.67,0.57,18.58,98.71
M-0777,Aluminum,178.19,94.72,0.75,43.86,58.54
M-0576,Wood,201.6,85.56,0.95,18.7,19.38
M-1397,Glass,256.67,51.29,0.65,45.03,30.37
M-0352,Aluminum,,10.16,0.43,16.47,20.14
M-0392,Glass,,15.01,0.13,41.16,13.26
M-1364,Wood,452.3,80.78,0.7,2.78,66.34
M-0570,Bamboo,77.16,38.92,0.52,25.34,94.89
M-1120,Wood,376.69,70.99,0.81,41.68,0.85
M-0401,Cotton,368.76,,0.12,37.34,77.0
M-0978,Cotton,498.51,38.66,0.84,49.31,42.46
M-0621,Paper,487.13,89.94,0.2,11.33,67.42
M-0984,Steel,241.74,10.48,0.93,9.55,81.01
M-0842,,496.07,95.97,0.21,39.02,84.0
M-0487,Glass,438.96,99.18,0.06,31.81,61.32
M-1412,Plastic,,52.62,0.04,22.65,12.67
M-0351,Paper,76.03,64.81,0.63,14.14,0.92
M-0366,Bamboo,,14.68,0.34,42.1,90.81
M-1293,Paper,285.53,18.96,0.19,,4.1
M-0408,Cotton,446.39,85.78,0.85,43.07,46.18
M-0090,Plastic,334.52,44.8,0.68,1.3,96.8
M-0257,Bamboo,361.52,86.13,0.36,25.7,53.36
M-0054,Paper,323.02,32.88,0.98,44.77,
M-0233,Paper,97.97,94.68,0.22,22.87,93.48
M-0276,Paper,263.4,31.48,0.82,2.68,49.33
M-0744,Steel,82.94,42.67,0.8,25.45,56.95
M-1208,Wood,239.56,70.63,0.63,20.88,83.16
M-0768,Cotton,454.11,43.43,0.9,27.8,23.92
M-0739,Steel,224.85,73.25,0.78,33.63,59.93
M-1094,Bamboo,325.82,19.87,0.04,41.4,46.47
M-0735,Plastic,196.06,56.91,0.21,8.01,40.36
M-1137,Bamboo,54.2,28.12,0.34,28.31,21.0
M-1081,Glass,490.99,63.95,0.8,2.84,20.05
M-0700,Glass,357.46,93.63,0.73,41.45,11.63
M-1264,Bamboo,112.66,82.61,0.64,40.16,22.12
M-1111,,,80.64,0.63,4.18,5.53
M-0465,Paper,362.16,5.13,0.64,34.16,14.75
M-0757,Plastic,311.08,91.08,0.73,26.4,41.5
M-0318,Aluminum,99.71,31.7,0.98,36.54,49.76
M-0923,Aluminum,440.63,20.15,0.73,3.67,88.28
M-1236,Paper,86.27,61.32,0.15,25.08,78.2
M-1488,Aluminum,133.4,76.36,0.66,1.19,79.27
M-1473,Aluminum,93.44,93.87,,41.55,9.76
M-0979,Cotton,416.29,,0.74,,93.37
M-1316,Paper,403.83,,0.04,18.45,1.49
M-0931,Bamboo,205.74,15.49,0.27,30.08,93.76
M-0055,Bamboo,240.86,93.52,0.26,,43.33
M-0318,Aluminum,99.71,31.7,0.98,36.54,49.76
M-0804,,447.89,32.31,0.89,20.32,46.49
M-0435,Paper,96.13,37.05,0.13,8.07,22.81
M-0563,Bamboo,296.42,68.33,0.12,41.22,30.33
M-0475,Glass,238.88,42.81,0.58,7.39,89.51
M-1162,Steel,444.49,17.36,0.55,18.26,41.29
M-0800,Glass,334.92,30.11,0.8,46.87,70.39
M-0872,Cotton,77.06,28.52,0.76,6.57,
M-1054,Bamboo,183.44,35.51,,39.12,31.52
M-1013,Wood,94.14,44.83,0.75,8.67,39.15
M-0029,Cotton,374.02,65.24,0.66,47.06,98.93
M-0119,Cotton,437.8,37.6,0.66,38.84,57.81
M-1310,Paper,295.44,48.66,0.35,,55.18
M-0975,Paper,361.47,20.75,0.22,6.18,90.31
M-0093,Plastic,,12.62,0.48,5.47,12.12
M-0812,Glass,156.59,13.75,0.29,17.33,66.38
M-0103,Plastic,144.46,63.19,0.61,15.09,90.84
M-1168,,316.87,67.16,0.37,45.86,12.13
M-0899,Bamboo,401.91,79.8,0.87,31.63,31.96
M-1172,Glass,51.45,64.26,0.74,23.8,71.21
M-0795,Aluminum,483.32,75.1,0.4,35.32,16.68
M-0339,Paper,496.03,27.98,0.85,46.5,30.98
M-0155,Steel,239.64,69.33,0.84,18.05,26.25
M-0732,Aluminum,104.09,27.32,0.47,1.83,13.82
M-1438,Steel,394.73,41.8,0.36,18.23,93.61
M-0758,Glass,290.12,6.15,0.02,4.57,32.69
M-0696,Paper,129.72,14.74,0.98,17.74,70.79
M-1183,Cotton,302.3,76.89,0.96,44.2,59.67
M-1300,Plastic,86.78,58.52,0.52,22.66,
M-0892,Bamboo,428.91,92.47,0.31,18.72,33.27
M-0160,Paper,220.86,48.13,0.33,26.78,48.31
M-0390,Aluminum,316.58,71.74,0.56,3.4,12.63
M-0733,Aluminum,295.02,71.96,0.55,48.06,43.95
M-0914,Plastic,273.63,52.75,0.83,19.24,50.04
M-1309,Aluminum,342.94,12.82,0.56,37.99,
M-0101,Bamboo,80.18,65.43,,36.92,22.68
M-1215,Plastic,307.34,22.04,,40.76,59.83
M-0592,Cotton,258.18,76.66,0.05,8.07,39.63
M-0069,Paper,74.64,45.07,0.82,8.0,85.95
M-0033,Paper,163.31,49.89,0.01,9.78,50.31
M-1006,Steel,410.69,18.57,0.87,27.94,74.84
M-1211,Aluminum,103.25,31.15,0.55,14.0,87.89
M-0905,Glass,89.44,47.04,0.38,10.18,75.24
M-0810,Steel,455.01,95.39,1.0,41.77,81.06
M-0875,Plastic,128.89,74.61,0.95,40.31,51.34
M-0921,Steel,221.28,67.24,0.36,3.59,76.98
M-0626,Plastic,441.84,50.25,0.48,13.66,7.87
M-0376,Paper,297.89,96.59,0.68,42.34,48.2
M-1339,Wood,419.95,16.97,0.58,,5.2
M-0699,Plastic,475.08,40.08,0.33,34.33,65.08
M-0613,Paper,330.33,95.29,0.76,1.37,54.06
M-1196,Steel,282.77,66.7,0.94,27.42,14.09
M-0651,Bamboo,125.17,17.15,0.12,31.95,6.56
M-0770,Aluminum,467.17,79.46,0.02,5.38,5.64
M-0048,Bamboo,304.31,,0.1,30.69,31.28
M-0498,Paper,64.64,18.96,0.12,49.02,86.28
M-0147,Glass,181.92,19.67,0.15,5.53,
M-1395,,262.03,77.25,0.41,14.12,95.09
M-0694,Paper,249.69,72.87,0.4,44.09,64.48
M-0799,Aluminum,69.54,42.77,0.67,40.92,82.96
M-0198,Paper,455.01,23.49,0.6,31.39,22.87
M-1378,Steel,124.68,,0.25,34.95,
M-1154,Plastic,65.89,36.03,0.31,43.79,80.31
M-0553,Steel,73.39,94.65,0.76,14.31,27.47
M-1256,Plastic,391.73,64.15,,40.57,36.37
M-1050,Aluminum,55.45,81.36,0.63,16.26,26.35
M-1258,Glass,399.52,49.18,0.85,45.84,25.74
M-0712,Plastic,343.05,37.81,0.52,47.41,36.73
M-0545,Aluminum,410.26,46.51,0.4,25.64,16.07
M-1476,Cotton,260.95,93.22,0.06,5.39,
M-0396,Paper,445.38,39.2,0.65,14.44,72.0
M-1074,Glass,398.59,60.45,0.39,18.61,72.76
M-0394,Cotton,304.58,66.19,0.83,18.13,26.48
M-0859,Plastic,155.17,61.0,0.96,10.6,
M-0828,Plastic,338.89,15.06,0.21,27.66,71.44
M-0381,Cotton,,65.11,0.27,38.08,28.27
M-0981,Paper,187.81,,0.12,29.35,52.75
M-1025,Cotton,404.11,84.43,0.34,29.95,33.42
M-1384,Paper,287.33,38.37,0.02,26.71,37.36
M-0513,Bamboo,189.66,64.94,0.41,47.1,67.0
M-0210,Steel,382.12,43.17,0.04,47.78,95.6
M-1232,Cotton,411.19,59.4,0.24,24.64,21.1
M-0038,Aluminum,230.38,36.48,0.46,3.46,
M-0442,Cotton,311.98,61.54,0.87,8.68,48.64
M-0910,Wood,251.24,32.78,0.72,41.97,64.23
M-0951,Glass,484.62,57.57,0.25,,99.67
M-0660,Plastic,440.72,33.87,0.55,9.06,59.71
M-0523,Wood,400.93,,0.15,13.6,64.16
M-1160,,117.0,8.83,0.55,47.09,49.22
M-0871,Steel,259.34,30.73,0.86,3.55,86.1
M-0089,Paper,,16.5,0.93,45.57,15.94
M-1093,Cotton,247.73,65.08,0.35,32.9,6.72
M-0142,Aluminum,435.06,20.85,0.53,28.89,90.08
M-0452,,61.06,97.72,0.2,18.37,13.55
M-0255,Aluminum,412.95,24.05,0.15,16.2,35.06
M-0349,Cotton,400.81,32.01,0.26,33.45,23.66
M-0819,Paper,330.74,28.83,0.14,6.23,82.06
M-1463,Steel,58.1,72.09,0.33,35.74,1.58
M-1255,Steel,172.38,90.25,0.87,5.15,56.85
M-0780,Glass,292.62,65.07,0.18,5.96,25.94
M-0370,Bamboo,108.28,34.77,0.71,10.43,57.19
M-0582,Aluminum,373.64,67.93,0.13,24.25,86.16
M-0868,Wood,347.83,6.31,0.88,49.47,74.44
M-0208,Paper,71.13,64.49,,20.15,67.73
M-0290,Cotton,191.88,78.05,0.58,23.9,66.36
M-1329,Wood,493.25,75.46,0.48,19.15,36.97
M-0304,Wood,409.45,95.03,0.56,30.91,48.38
M-0476,Cotton,337.34,33.78,0.73,32.53,97.21
M-1112,Aluminum,345.27,30.83,0.81,23.82,19.81
M-0112,Bamboo,253.98,45.09,0.61,12.14,90.9
M-1319,Plastic,124.12,78.82,0.92,19.94,44.91
M-0239,Glass,160.88,60.93,0.34,30.87,15.74
M-0802,Wood,320.73,50.89,0.02,47.56,40.89
M-1078,Aluminum,,54.21,0.17,21.03,33.59
M-1432,Steel,145.69,16.92,0.83,12.43,15.29
M-1413,Steel,208.57,9.77,0.33,17.99,42.06
M-1136,Glass,257.7,88.52,0.88,31.8,82.26
M-0643,,126.39,78.26,0.65,25.13,81.03
M-0235,Paper,377.68,48.95,0.82,34.95,84.25
M-1398,Bamboo,211.01,45.85,0.9,,92.11
M-0690,Plastic,353.04,9.03,0.24,14.78,12.74
M-1091,Paper,217.48,89.47,,13.13,56.83
M-0312,Bamboo,492.84,72.17,0.21,49.89,52.02
M-1128,Plastic,278.76,22.83,0.7,41.55,38.71
M-0058,Aluminum,466.51,63.62,0.35,20.07,42.63
M-0032,Aluminum,294.23,39.38,0.33,24.78,48.19
M-0578,Wood,405.36,14.06,0.98,4.46,73.82
M-1254,Plastic,162.3,7.85,0.34,1.49,92.26
M-1101,Glass,178.66,25.42,0.98,1.36,30.32
M-1325,Steel,445.81,89.5,0.97,4.82,83.33
M-1361,Wood,113.32,59.27,0.97,43.61,49.96
M-1129,Wood,183.9,13.4,,48.43,64.72
M-1376,Steel,350.56,30.01,,,0.02
M-1281,Plastic,139.14,31.45,0.3,28.18,35.35
M-0558,Wood,,20.36,,49.09,29.76
M-1270,Plastic,348.71,25.03,0.86,8.63,89.41
M-0375,Aluminum,344.86,40.85,0.79,3.39,41.0
M-1113,Cotton,129.84,70.77,0.07,12.77,0.92
M-1070,Steel,221.87,78.42,,2.44,56.68
M-0747,Glass,328.77,19.94,0.49,25.66,7.26
M-0415,Glass,122.34,62.74,0.61,31.3,71.11
M-0191,Bamboo,173.32,57.6,0.76,23.56,81.2
M-0885,,467.23,24.03,0.14,1.88,66.74
M-0031,,362.28,29.17,0.4,49.42,35.5
M-1125,Wood,379.76,82.42,0.3,11.26,53.55
M-0718,Paper,233.11,58.4,0.16,5.28,65.08
M-0066,,283.48,17.49,0.58,23.19,13.09
M-0543,Glass,305.39,59.11,0.57,,10.61
M-0823,Wood,381.59,34.73,0.24,9.27,14.81
M-0323,Paper,68.94,35.54,,41.27,62.32
M-0131,Paper,153.98,83.13,0.5,11.99,76.72
M-0741,Bamboo,156.89,22.03,0.26,1.65,
M-1273,Glass,471.57,30.51,0.95,39.83,80.14
M-1153,Paper,392.45,99.89,0.12,10.97,26.91
M-0515,Plastic,55.23,17.76,0.66,43.86,80.59
M-0791,Wood,369.07,22.04,0.17,30.09,19.19
M-0736,Glass,214.91,96.87,0.74,1.69,67.87
M-0580,Plastic,274.19,7.77,0.81,27.21,57.35
M-0426,Steel,292.99,32.3,1.0,2.64,
M-0294,Plastic,331.65,63.29,0.62,41.58,15.06
M-0606,Glass,443.04,53.07,0.61,38.36,76.05
M-1365,Cotton,344.43,39.9,0.29,5.99,40.82
M-1071,Steel,142.56,57.1,0.28,31.29,35.44
M-1417,Aluminum,335.36,84.72,0.21,17.27,5.23
M-1422,Aluminum,81.34,9.71,0.57,40.58,80.26
M-0900,Glass,368.94,48.16,0.17,47.36,59.18
M-0774,Paper,95.64,36.58,0.6,5.86,72.86
M-0085,,274.27,15.88,0.46,48.36,90.41
M-0918,Paper,468.77,15.01,0.84,49.34,69.28
M-0007,Steel,329.03,54.16,0.18,4.37,83.69
M-0598,Bamboo,216.97,28.85,0.55,37.07,47.08
M-1407,Plastic,113.89,37.34,0.18,13.31,71.2
M-0416,Aluminum,418.09,33.05,0.39,39.29,5.2
M-1085,Wood,415.3,,0.55,12.91,15.83
M-1201,Steel,89.87,48.2,0.4,42.21,95.02
M-0957,Paper,338.37,86.58,0.79,13.67,55.42
M-0689,Bamboo,140.83,95.46,0.99,12.71,27.96
M-0919,Paper,102.36,77.62,0.67,3.74,87.1
M-0293,Aluminum,193.44,85.36,0.47,43.53,64.6
M-0806,Paper,145.42,97.01,0.56,25.16,44.96
M-0657,Bamboo,429.88,97.44,0.95,22.9,66.96
M-1056,Steel,398.59,38.3,,22.71,
M-0150,Cotton,88.48,65.51,0.84,43.49,42.18
M-1140,Aluminum,496.31,68.35,0.69,28.68,40.02
M-1189,Glass,274.22,93.18,0.76,7.18,35.93
M-0902,Paper,186.41,28.6,0.72,27.47,14.75
M-0328,Bamboo,355.84,,0.28,49.14,63.74
M-0554,Paper,,96.21,0.59,40.98,88.78
M-0535,Glass,196.91,86.11,0.55,,20.78
M-0710,Cotton,346.5,81.67,0.55,40.74,
M-0666,Steel,471.47,67.99,0.49,5.13,54.34
M-0916,Wood,433.14,51.65,0.71,24.96,27.74
M-0528,Plastic,494.0,20.75,0.34,8.16,9.46
M-1122,Glass,146.08,61.55,0.13,17.58,3.2
M-1238,Cotton,273.41,9.94,0.6,19.8,45.33
M-0827,Glass,60.64,94.94,0.41,16.83,58.08
M-0752,Steel,265.63,80.68,0.51,9.45,83.29
M-1404,Wood,,21.22,0.76,9.74,94.3
M-0215,Glass,179.91,63.96,0.01,14.07,29.82
M-1452,Steel,99.82,69.46,0.98,37.52,40.74
M-0357,Plastic,228.31,9.45,0.97,43.62,2.82
M-0492,Steel,,26.41,0.4,28.91,90.56
M-0405,Cotton,328.38,77.92,0.25,7.18,27.03
M-1277,Aluminum,378.87,97.44,0.26,2.22,82.62
M-0930,Aluminum,362.73,70.09,0.63,16.62,5.34
M-1322,Glass,283.72,56.11,0.74,1.29,41.48
M-0386,,84.26,68.31,0.02,3.79,73.85
M-0028,Plastic,375.01,53.1,0.57,17.3,45.34
M-0749,Aluminum,220.9,32.55,0.26,24.78,21.29
M-0730,Paper,246.01,97.17,0.58,29.21,44.67
M-1497,Cotton,78.64,,0.8,34.28,21.61
M-0795,Aluminum,483.32,75.1,0.4,35.32,16.68
M-0220,Bamboo,264.22,56.59,0.4,18.62,47.08
M-0114,Wood,248.34,51.17,0.26,35.05,7.77
M-0068,Aluminum,229.55,42.48,0.82,47.98,93.25
M-0310,Wood,332.38,52.56,0.99,32.32,91.08
M-0410,Wood,63.16,67.45,0.57,31.79,58.1
M-1283,Aluminum,258.77,35.99,0.56,46.38,24.56
M-1145,Paper,,90.59,,49.54,49.06
M-0924,Bamboo,412.67,20.24,0.11,41.99,52.78
M-0507,Cotton,140.24,49.65,1.0,31.9,5.05
M-0821,Bamboo,313.97,,0.5,47.51,36.72
M-1420,Aluminum,196.3,47.66,0.77,7.39,19.48
M-0943,Cotton,229.4,95.52,0.34,39.35,25.67
M-1357,Paper,435.73,83.44,0.37,7.32,
