Material_Type,Strength_MPa,Weight_Capacity_kg,Biodegradability_Score,CO2_Emission_Score,Recyclability_Percent
Aluminum (Recycled),149.61,4.67,0.3,3,46.53
Recycled PET,36.08,1.76,0.52,1.64,59.34
Bamboo Fiber,83.44,2.25,0.38,1.63,93.98
Cork Material,88.22,0.74,0.36,2.41,97.78
Paper Pulp Composite,82.54,4.33,0.86,2.5,49.11
Mycelium Packaging,103.87,2.99,0.74,1.26,43.83
PLA Bioplastic,54.17,3.45,0.87,0.1,82.51
Biodegradable Polymer,114.74,1.44,0.83,0.35,61.35
Mycelium Packaging,23.46,4.52,0.3,1.6,35.85
Paper Pulp Composite,39.63,1.36,0.59,0.21,70.19
Sugarcane Bioplastic,143.91,1.34,0.38,1.62,96.5
Sugarcane Bioplastic,85.68,3.84,0.24,0.46,85.47
Aluminum (Recycled),133.64,2.73,0.56,2.68,56.43
Cork Material,33.15,4.64,0.48,2.26,80.82
Cork Material,106.63,3.26,0.48,2.3,54.96
Recycled PET,69.93,4.83,0.73,1.88,38.03
Cork Material,18.97,1.81,0.95,1.17,83.4
Cork Material,90.32,0.06,0.69,1.01,66.89
Aluminum (Recycled),109.27,2.38,0.81,1.43,48.83
PLA Bioplastic,106.73,4.99,0.34,0.45,95.28
Glass (Recycled),75,1.19,0.61,0.67,33.45
Bamboo Fiber,27.4,0.15,0.22,0.13,47.23
Recycled PET,50.42,1.2,0.97,0.87,46.35
Sugarcane Bioplastic,89.81,2.12,0.49,2.45,50.28
Recycled PET,95.81,2.16,0.8,1.31,59.99
PLA Bioplastic,16.24,0.58,0.38,2.15,69.18
Sugarcane Bioplastic,20.08,4.84,0.65,0.65,47.66
Sugarcane Bioplastic,32.63,4.7,0.5,0.2,81.87
Sugarcane Bioplastic,79.13,3.12,0.86,0.51,31.3
Paper Pulp Composite,15.56,4.08,0.81,1.39,67.23
Bamboo Fiber,91.16,1.93,0.64,2.25,76.85
Cork Material,28.52,3.83,0.37,0.27,36.68
Paper Pulp Composite,19.32,1.34,0.84,0.62,74.76
Biodegradable Polymer,127.55,3.14,0.46,2.2,66.59
Aluminum (Recycled),140.48,0.12,0.39,1.87,96.43
Mycelium Packaging,11.12,4.64,0.44,0.54,31.69
Paper Pulp Composite,139.67,4.6,0.52,2.89,42.18
Cork Material,20.99,3.48,0.21,1.41,97.29
Recycled PET,12.1,0.92,0.47,0.44,86.66
Bamboo Fiber,49.41,1.81,0.92,0.76,31.67
Glass (Recycled),74.38,2.75,0.84,0.89,64.32
Glass (Recycled),12.17,2.99,0.55,2.43,52.07
Mycelium Packaging,124.11,2.74,0.35,1.79,33.37
Mycelium Packaging,68.83,3.41,0.93,0.05,98.37
Recycled PET,45.66,0.46,0.33,0.67,59.22
Bamboo Fiber,49.98,2.95,0.8,2.58,82.86
Sugarcane Bioplastic,131.03,1.65,0.74,1.38,56.75
PLA Bioplastic,97.07,2.18,0.98,2.05,43.9
Paper Pulp Composite,58.07,4,0.9,2.72,76.39
Recycled PET,51.83,2.73,0.89,0.6,35.85
Aluminum (Recycled),82.66,3.87,0.66,1.42,53.99
Cork Material,118.2,3.54,0.39,0.18,49.69
Biodegradable Polymer,132.49,3.46,0.66,0.52,62.68
Mycelium Packaging,128.58,4.2,0.31,1.64,62.7
Cork Material,71.72,2.43,0.47,0.08,65.38
Biodegradable Polymer,17.76,0.83,0.68,0.99,92.34
Biodegradable Polymer,40.45,1.04,0.74,0.51,65.73
Aluminum (Recycled),115.21,1.15,0.62,2.37,31.56
PLA Bioplastic,65.01,0.45,0.48,0.05,73.72
Bamboo Fiber,125.7,4.28,0.28,1.97,79.25
Aluminum (Recycled),121.95,0.22,0.82,2.21,48.18
Aluminum (Recycled),41.7,3.38,0.82,1.56,73.07
Sugarcane Bioplastic,148.67,1.54,0.31,2.71,67.91
Aluminum (Recycled),145.25,1.06,0.99,1.99,86.64
Bamboo Fiber,84.75,2.91,0.93,0.98,80.83
Recycled PET,36.41,2.24,0.67,2.97,44.27
Paper Pulp Composite,41.55,3.25,0.94,0.64,91.59
Glass (Recycled),39.67,4,0.44,0.13,71.54
Recycled PET,33.2,2.54,0.83,2.72,45.37
Biodegradable Polymer,122.55,0.21,0.77,1.42,96.33
Paper Pulp Composite,80.8,3.49,0.57,1.12,87.12
Paper Pulp Composite,107.55,3.84,0.47,2.55,60.01
Biodegradable Polymer,101.88,0.11,0.79,1.83,77.6
Recycled PET,74.2,0.61,0.22,2.28,57.64
Paper Pulp Composite,127.07,4.91,0.67,2.03,36.04
Mycelium Packaging,66.33,4.53,0.23,2.33,38.79
Paper Pulp Composite,11.45,2.72,0.2,2.86,93.38
Cork Material,81.48,3.59,0.26,1.87,88.65
Aluminum (Recycled),136.81,4.95,0.77,2.21,93.65
Paper Pulp Composite,90.32,3.21,0.59,2.67,91.22
Biodegradable Polymer,47,4.1,0.45,2.95,48.66
Biodegradable Polymer,54.03,4.56,0.49,1.33,65.86
Biodegradable Polymer,52.78,2.45,0.72,0.47,51.41
Recycled PET,130.33,2.81,0.75,1.39,73.98
Bamboo Fiber,90.75,1.59,0.61,2.75,59.85
Mycelium Packaging,142.86,0.34,0.91,1.74,56.52
Bamboo Fiber,22.25,1.18,0.45,0.57,72.5
Aluminum (Recycled),143.44,0.88,0.55,0.52,91.55
Cork Material,58.86,0.33,0.38,2.01,64.81
Cork Material,34.93,2.94,0.94,0.37,61.69
Aluminum (Recycled),116.98,3.15,0.77,0.62,34.79
Recycled PET,62.56,4.88,0.33,2.92,83.72
Aluminum (Recycled),103.62,2.41,0.21,1.09,64.45
Sugarcane Bioplastic,91.94,2.23,0.69,0.99,37.83
Cork Material,54.79,4.92,0.38,1.05,66.67
Glass (Recycled),45.46,4.36,0.31,0.1,78.28
Aluminum (Recycled),65.55,4.32,0.95,1.38,98.25
PLA Bioplastic,106.15,2.27,0.93,1.95,30.37
Glass (Recycled),56.97,2.84,0.7,1.4,86.9
Bamboo Fiber,48.38,2.82,0.74,1.09,89.91
Bamboo Fiber,114.62,1.48,0.82,1.31,86.54
Mycelium Packaging,39.92,3.85,0.45,2.21,82.11
Biodegradable Polymer,35.56,2.73,0.42,1.51,81.38
PLA Bioplastic,104.44,4.01,0.26,0.73,44.53
Cork Material,109.58,2.79,0.44,2.51,60.47
Aluminum (Recycled),24.1,0.19,0.25,1.16,84.1
Paper Pulp Composite,38.36,2.18,0.52,0.48,81.05
Paper Pulp Composite,16.64,2.27,0.92,2.65,86.91
Cork Material,52.92,4.64,0.24,1.11,35.32
Bamboo Fiber,57.32,3.97,0.8,1.42,35.76
PLA Bioplastic,134.94,3.62,0.56,1.75,44.1
Cork Material,89.6,3.05,0.92,2.69,72.03
Mycelium Packaging,148,0.93,0.66,0.18,85.1
Recycled PET,83.91,3.71,0.32,1.68,45.16
Recycled PET,128.43,4.09,0.41,2.95,94.96
Bamboo Fiber,108.64,3.26,0.37,2.25,98.44
Sugarcane Bioplastic,10.53,4.67,0.89,2.2,66.17
Biodegradable Polymer,14.58,3.82,0.54,0.57,79.09
Bamboo Fiber,66.26,3.5,0.2,2.34,92.75
PLA Bioplastic,83.78,0.52,0.49,2.73,42.51
Sugarcane Bioplastic,38.18,0.65,0.7,2.85,32.81
Mycelium Packaging,72.18,4.15,0.54,1.07,77.25
Sugarcane Bioplastic,53.87,4.53,0.52,2.13,68.54
Biodegradable Polymer,74.82,0.56,0.96,0.42,39.18
Paper Pulp Composite,131.81,4.94,0.95,1.18,63.76
PLA Bioplastic,90.26,4.72,0.61,0.62,89.36
Bamboo Fiber,85.64,4.75,0.7,2.52,30.56
Glass (Recycled),20.88,1.64,0.96,0.08,87.59
Cork Material,70.02,2.96,0.89,1.86,67.27
Glass (Recycled),114.17,1.67,0.4,1.98,72.61
Glass (Recycled),64.12,2.71,0.91,2.82,45.27
Mycelium Packaging,30.2,0.12,0.77,1.72,85.62
Biodegradable Polymer,120.85,3.49,0.82,1.25,75.34
PLA Bioplastic,55.05,0.9,0.53,0.76,58.48
Cork Material,23.55,0.77,0.53,1.6,49.74
Recycled PET,96.74,1.3,0.83,1.33,55.03
Glass (Recycled),14.37,0.36,0.41,1.8,36.17
Mycelium Packaging,20.15,1.68,0.85,2.8,47.29
Mycelium Packaging,88.47,2.41,0.56,2.81,57.31
Glass (Recycled),11.93,2.11,0.95,1.06,84.58
Biodegradable Polymer,57.87,0.77,0.77,2.11,78.19
Mycelium Packaging,14.61,2.44,0.62,1.64,41.42
Cork Material,18.07,3.18,0.77,1.86,75.38
Sugarcane Bioplastic,30.92,2.6,0.9,0.59,62.4
Mycelium Packaging,57.49,3.48,0.73,2.49,89.25
Aluminum (Recycled),69.73,3.05,0.32,1.55,50.79
PLA Bioplastic,130.55,4.08,0.78,0.23,30.75
Cork Material,95.16,0.06,0.58,1.64,69.29
PLA Bioplastic,101.13,0.36,0.44,1.5,58.81
PLA Bioplastic,19.06,4.96,0.24,0.64,59.59
Cork Material,24.2,2.95,0.93,1.95,76.52
Mycelium Packaging,21.4,0.5,0.2,2.87,34.54
Mycelium Packaging,86.41,2.52,0.27,0.09,34.54
Mycelium Packaging,70.74,1.94,0.58,2.94,55.51
Mycelium Packaging,99.12,4.61,0.74,0.72,60.53
Glass (Recycled),16.09,4.76,0.65,1.16,99.65
Sugarcane Bioplastic,82.34,0.2,0.66,0.58,74.17
Glass (Recycled),24.09,3.24,0.86,1.1,45.15
PLA Bioplastic,31.11,1.88,0.31,2.19,63.39
Recycled PET,95.41,3.53,0.9,0.07,50.91
Glass (Recycled),68.54,0.18,0.43,1.54,97.62
Paper Pulp Composite,41.51,0.78,0.2,2.31,98.57
PLA Bioplastic,65.89,3.99,0.35,2.31,50.32
Recycled PET,106.57,1.97,0.42,2.84,51.31
Biodegradable Polymer,31.36,0.13,0.29,1.97,58.19
Bamboo Fiber,82.21,1.49,0.37,2.88,99.85
Biodegradable Polymer,15.56,0.4,0.58,1.08,95.61
Bamboo Fiber,121.06,2.4,0.41,0.33,37.4
Cork Material,48.33,1.68,0.64,0.7,77
Glass (Recycled),148.81,0.29,0.28,0.72,55.08
Aluminum (Recycled),83.61,0.43,0.9,2.86,86.88
Cork Material,83.9,1.73,0.64,2.92,51.82
Recycled PET,145.45,0.21,0.58,0.29,59.53
Biodegradable Polymer,75.73,1.09,0.23,1,32.6
Sugarcane Bioplastic,132.52,1.29,0.72,0.54,54.69
Glass (Recycled),15.98,3.19,0.81,2.46,61.74
Biodegradable Polymer,96.44,2.19,0.88,1.39,31.08
Cork Material,101.87,4.12,0.96,0.2,46.46
Sugarcane Bioplastic,19.02,2.31,0.43,1.56,58.42
Cork Material,118.2,4.22,0.23,1.49,46.76
Sugarcane Bioplastic,146.79,4.71,0.76,0.13,58.6
Cork Material,141.72,3.44,0.25,2.62,79.1
Mycelium Packaging,11.69,2.38,0.41,2.1,67.97
Biodegradable Polymer,127.94,3.11,0.63,0.78,50.66
Glass (Recycled),53.75,3.77,0.61,0.28,51.03
Cork Material,100.62,0.41,0.52,0.22,65.81
Sugarcane Bioplastic,49.5,4.42,0.65,0.39,45.89
Aluminum (Recycled),111.5,4.48,0.5,1.44,89.31
PLA Bioplastic,40.52,3.15,0.53,1.79,68.39
Glass (Recycled),115.04,4.74,0.63,0.62,82.7
Bamboo Fiber,70.83,2.2,0.34,1.97,93.93
PLA Bioplastic,125.16,4.4,0.46,0.41,80.49
Bamboo Fiber,83.63,4.69,0.98,0.74,89.56
Recycled PET,11.69,1.55,0.22,2.99,70.74
Cork Material,140.05,2.56,0.56,1.78,48.49
Glass (Recycled),139.28,4.45,0.27,2.9,39.38
Paper Pulp Composite,130.24,2.3,0.3,0.96,62.96
Recycled PET,99.5,1.51,0.48,0.44,66.04
Biodegradable Polymer,96.6,0.8,0.81,2.35,93.29
PLA Bioplastic,34.74,1.99,0.46,2.46,72.95
Bamboo Fiber,76.7,0.18,0.54,2.88,88.85
Sugarcane Bioplastic,124.9,3.02,0.75,1.5,36.17
Glass (Recycled),51.95,2.71,0.47,1.48,90.79
Biodegradable Polymer,56.25,4.23,0.54,2.6,75.99
PLA Bioplastic,125.59,1.99,0.94,0.2,64.32
Glass (Recycled),137.22,1.68,0.75,2.7,35.3
Biodegradable Polymer,36.72,4.26,0.73,1.07,40.6
Glass (Recycled),134.34,0.31,0.87,1.13,94.56
Bamboo Fiber,133.11,0.79,0.89,2.41,72.81
Sugarcane Bioplastic,123.43,0.61,0.53,2.66,96.97
Paper Pulp Composite,67.95,4.96,0.94,0.49,57.64
Recycled PET,23.48,2.21,0.29,1.74,52.78
Bamboo Fiber,137.51,0.16,0.86,0.61,78
PLA Bioplastic,38.2,2.55,0.42,2.49,47.05
Aluminum (Recycled),29.76,0.46,0.47,1.29,79.37
Biodegradable Polymer,46.62,0.66,0.98,1.52,45.69
Mycelium Packaging,139.46,1.97,0.59,0.8,91.95
Mycelium Packaging,65.7,1.04,0.56,0.39,42.41
Sugarcane Bioplastic,106.52,1.25,0.47,2.44,86.46
Aluminum (Recycled),50.7,4.91,0.54,2.12,90.76
Aluminum (Recycled),70.03,1.94,0.3,0.77,35.55
Cork Material,113.84,3.09,0.74,0.07,77.49
Aluminum (Recycled),18.14,3.02,0.26,1.1,80.57
Cork Material,137.92,1.77,0.82,1.66,87.15
PLA Bioplastic,92.59,3.95,0.28,1.63,55.62
Aluminum (Recycled),144.23,1.99,0.51,2.38,75.16
Cork Material,98.18,1.37,0.26,0.98,76.18
PLA Bioplastic,40.52,4.63,0.75,1.82,82.27
Paper Pulp Composite,87.38,2.01,0.77,2.62,78.06
PLA Bioplastic,20.03,4.89,0.39,2,36.27
PLA Bioplastic,80.4,0.57,0.51,1.64,53.74
Bamboo Fiber,56.5,3.19,0.74,1.9,62.44
Paper Pulp Composite,60.13,3.08,0.95,1.81,98.57
Paper Pulp Composite,97.39,1.09,0.33,0.13,42.3
Aluminum (Recycled),48.81,2.7,0.81,0.21,68.43
Mycelium Packaging,68.75,3.88,0.28,2.29,65.42
Aluminum (Recycled),117.1,3.02,0.87,2.69,98.09
Paper Pulp Composite,125.22,1.45,0.98,1.32,38.17
Cork Material,63.84,4.66,0.43,0.89,64.47
PLA Bioplastic,93.58,3.99,0.2,0.15,77.84
Sugarcane Bioplastic,133.86,3.87,0.46,2.4,52.72
Bamboo Fiber,24.04,4.27,0.76,1.47,57.6
Mycelium Packaging,62.18,3.57,0.56,1.84,99.33
Bamboo Fiber,112.4,3.03,1,0.7,84.23
Recycled PET,122.09,4.67,0.34,2.59,97.02
Paper Pulp Composite,140.78,2.53,0.43,2.72,55.73
Cork Material,51.14,1.81,0.96,1.46,49.48
Aluminum (Recycled),100.07,0.6,0.81,2.56,89.1
Sugarcane Bioplastic,124.08,4.74,0.52,2.73,36.68
Paper Pulp Composite,137.04,4.46,0.94,0.51,91.58
Bamboo Fiber,60.21,2.82,0.98,1.43,39.34
Bamboo Fiber,33.14,1.03,0.75,1.74,91.13
Mycelium Packaging,98.15,0.22,0.61,2.6,98.89
Mycelium Packaging,45.4,1.16,0.24,0.08,64.31
Paper Pulp Composite,45.9,1.84,0.71,0.87,53.39
Glass (Recycled),63.27,3.53,0.6,1.92,54.74
Mycelium Packaging,50.48,0.85,0.36,2.01,90.31
Sugarcane Bioplastic,140.64,4.68,0.43,0.86,68.6
Paper Pulp Composite,112.33,3.09,0.52,0.85,69.12
Aluminum (Recycled),100.29,2.45,0.97,0.47,74.26
PLA Bioplastic,138.9,4.59,0.94,0.24,38.03
Glass (Recycled),141.28,4.95,0.99,1.78,36.42
Bamboo Fiber,30.47,3.12,0.96,2,65.02
Sugarcane Bioplastic,50.5,4.74,0.88,1.33,62.76
Mycelium Packaging,84.32,4.21,0.28,2.24,43.4
Mycelium Packaging,87.21,1.64,0.82,0.48,47.14
Cork Material,37.43,0.49,0.9,0.31,77.86
Sugarcane Bioplastic,29.75,4.47,0.78,1.35,95.27
Glass (Recycled),13.8,4.01,0.84,2.61,76.88
Paper Pulp Composite,135.65,2.3,0.65,1.54,78.44
Mycelium Packaging,39.24,0.31,0.65,0.53,41.53
Bamboo Fiber,34.99,4.85,0.79,0.82,70.69
Biodegradable Polymer,53.97,0.22,0.59,1.23,77.61
Aluminum (Recycled),89.54,3.35,0.29,0.3,73.76
Mycelium Packaging,144.4,2.61,0.71,1.68,37.78
Biodegradable Polymer,142.98,4.81,0.78,1.25,82.06
Sugarcane Bioplastic,54.02,3.05,0.68,2.64,47.82
Glass (Recycled),93.66,3.47,0.9,2.24,41.63
Bamboo Fiber,35.72,4.29,0.49,2.68,31.94
PLA Bioplastic,142.85,3.46,0.78,1.27,43.46
Cork Material,53.63,1.65,0.69,1.97,89.22
Glass (Recycled),101.22,3.22,0.77,1.18,73.32
Mycelium Packaging,135.31,1.59,0.64,2.06,46.55
Cork Material,89.99,1.37,0.96,0.07,73.44
Recycled PET,142.53,2.79,0.27,0.65,89.8
Biodegradable Polymer,135.29,1.68,0.62,1.97,71.6
Glass (Recycled),55.31,3.93,1,2.98,95.27
Recycled PET,109.95,1.68,0.7,0.81,75.57
Recycled PET,129.31,3.11,0.72,1.65,70.55
Bamboo Fiber,141.52,3.76,0.8,0.67,88.11
PLA Bioplastic,98.43,3.57,0.79,1.2,83.19
Sugarcane Bioplastic,53.74,1.85,0.7,1.7,42.06
Recycled PET,27.7,3.9,0.23,0.76,91.53
Biodegradable Polymer,94.76,4.88,0.23,2.85,51.79
Sugarcane Bioplastic,61.39,2.6,0.24,0.09,92.47
Aluminum (Recycled),140.82,3.11,0.99,0.15,80.76
Cork Material,84.69,4.28,0.91,2.89,72.37
Biodegradable Polymer,121.95,2.54,0.27,2.34,67.36
Bamboo Fiber,65.99,4.93,0.22,2.8,95.16
PLA Bioplastic,113.51,4.98,0.61,2.86,43.87
Paper Pulp Composite,138.23,4.52,0.63,2.6,54.68
Bamboo Fiber,98.24,2.43,0.53,0.71,80.61
Recycled PET,112.84,3.22,0.78,0.2,94.4
PLA Bioplastic,87.28,4.82,0.42,1.83,57.75
Mycelium Packaging,52.09,4.11,0.26,0.17,33.46
Paper Pulp Composite,20.32,1.81,0.77,0.61,66.11
Cork Material,59.45,1.03,0.38,0.18,79.92
Aluminum (Recycled),11.57,1.71,0.73,0.51,77.57
Mycelium Packaging,102.26,1.93,0.53,1.47,95.47
Cork Material,55.63,1.03,0.98,1.46,70.05
Aluminum (Recycled),114.79,1.79,0.93,2.52,68.64
Aluminum (Recycled),128.98,4.05,0.3,1.63,93.05
PLA Bioplastic,145.38,3.58,0.72,1.03,96.75
Paper Pulp Composite,123.22,4.51,0.21,1.17,46.49
Bamboo Fiber,51.98,4.02,0.81,1.9,49.57
Bamboo Fiber,44.02,2.49,0.3,0.61,55.58
Biodegradable Polymer,132.24,4.52,0.85,1.96,58.4
Recycled PET,137.94,3.13,0.39,2.32,37.39
Aluminum (Recycled),119.39,4.75,0.39,2.88,56.26
Biodegradable Polymer,83.39,3.3,0.85,2.43,73.38
Sugarcane Bioplastic,88.55,3.35,0.29,0.12,67.14
Cork Material,49.68,1.99,0.51,1.61,37.92
Cork Material,139.17,0.27,0.5,1.88,43.79
PLA Bioplastic,10.5,2.05,0.54,2.5,37.09
Glass (Recycled),78.74,3.85,0.71,1.43,76.69
Biodegradable Polymer,26,1.9,0.42,1.5,51.68
Bamboo Fiber,147.25,1.15,0.57,2.69,72.1
Sugarcane Bioplastic,106.7,3.36,0.94,1.18,43.56
Sugarcane Bioplastic,26.43,3.85,0.26,3,57.27
Paper Pulp Composite,36.4,2.23,0.88,1.81,62.35
Sugarcane Bioplastic,47.73,2.78,0.71,1.64,70.1
Sugarcane Bioplastic,17.35,2.82,0.88,1.11,35.27
Recycled PET,94.28,2.16,0.85,2.83,90.89
PLA Bioplastic,75.84,3.43,0.21,2.95,42.05
Recycled PET,55.13,1.28,0.62,1.98,92.39
PLA Bioplastic,73.05,4.68,0.48,1.88,98.65
Paper Pulp Composite,120.36,0.97,0.64,2.4,52.83
Bamboo Fiber,86.15,3.6,0.4,2.13,50.67
Biodegradable Polymer,125.75,3.25,0.36,0.82,59.29
Sugarcane Bioplastic,76.84,2.36,0.87,2.62,87.17
PLA Bioplastic,16.21,3.49,0.62,1.09,74.69
Cork Material,17.28,0.72,0.3,1.98,42.27
Cork Material,84.37,3.86,0.82,0.53,88.87
Cork Material,83.22,4.72,0.89,1.21,49.87
Cork Material,82.85,3.49,0.22,1.27,34.47
Bamboo Fiber,140.81,0.66,0.74,0.79,61.58
Paper Pulp Composite,63.22,3.32,0.67,0.91,73
Aluminum (Recycled),84.61,4.81,0.35,1.55,54.07
Paper Pulp Composite,147.78,3.5,0.65,0.59,95.67
Paper Pulp Composite,48.14,3.01,0.9,0.43,97.07
Sugarcane Bioplastic,147.6,2.11,0.63,2.05,65.9
Paper Pulp Composite,54.4,1.73,0.39,1.42,81.33
Sugarcane Bioplastic,82.4,1.2,0.7,0.95,32.07
Recycled PET,35.75,2.25,0.34,2.39,38.99
Paper Pulp Composite,34.18,1.65,0.4,1.51,87.71
Bamboo Fiber,53.15,0.53,0.9,2.73,71.4
Mycelium Packaging,85.53,3.76,0.38,0.56,32.78
Biodegradable Polymer,26.76,3.13,0.47,2.67,94.79
Mycelium Packaging,40.5,3.43,0.78,0.95,57.77
Aluminum (Recycled),69.2,0.56,0.82,0.45,59.7
Mycelium Packaging,52.14,3.38,0.61,0.61,62.84
Recycled PET,108.63,1.17,0.88,1.6,65.04
PLA Bioplastic,36.06,2.39,0.99,0.44,49.84
Sugarcane Bioplastic,59.78,4.73,0.42,2.71,70.84
Cork Material,110.71,4.29,0.74,0.75,94.8
Bamboo Fiber,122.39,4.66,0.63,2.07,43.2
Glass (Recycled),148.5,1.24,0.95,2.98,35.45
PLA Bioplastic,122.5,2.02,0.33,1.96,82.73
Paper Pulp Composite,136.06,4.37,0.77,1.79,87.22
Sugarcane Bioplastic,42.32,4.81,0.43,0.72,91.52
Sugarcane Bioplastic,65.97,1.43,0.54,1.52,76.2
Cork Material,27.37,0.95,0.97,0.92,55.57
Bamboo Fiber,54.83,0.78,0.68,1.85,65.01
Bamboo Fiber,94.58,2.73,0.78,2.91,97.16
Mycelium Packaging,91.03,4.85,0.64,1.39,52.95
Paper Pulp Composite,37.42,2.3,0.7,2.26,37.68
Cork Material,64.23,3.37,0.36,1.61,42.05
Biodegradable Polymer,35.42,3.63,0.77,1.34,40.77
Mycelium Packaging,65.01,4.95,0.61,1.46,82.46
Aluminum (Recycled),61.35,2.72,0.97,1.95,54.55
Paper Pulp Composite,124.14,0.44,0.7,1.95,47.46
Bamboo Fiber,129.23,3.34,0.26,1.05,89.71
Aluminum (Recycled),40.26,1.9,0.39,1.57,68.69
Bamboo Fiber,71.66,3.78,0.94,1.35,66.96
Cork Material,25.63,4.05,0.83,1.36,96.97
Recycled PET,94.91,0.2,0.32,0.89,30.34
Recycled PET,116.17,1.98,0.37,1.32,55.44
Bamboo Fiber,123.29,1.05,0.46,2.24,53.86
Recycled PET,105.05,3.63,0.2,1.25,49.16
Aluminum (Recycled),53,3.78,0.43,1.14,50.49
Mycelium Packaging,109.02,4.2,0.24,1.28,39.88
Sugarcane Bioplastic,56.52,4.1,0.84,1.76,81.95
Sugarcane Bioplastic,127.09,2.66,0.61,2.16,60.34
Paper Pulp Composite,140.2,3.15,0.31,2.28,66.88
Bamboo Fiber,12.84,0.91,0.83,0.2,96.08
Aluminum (Recycled),130.23,4.62,0.92,1.22,35.88
Paper Pulp Composite,98.54,4.47,0.26,1.7,77.27
Biodegradable Polymer,92.25,3.23,0.5,0.86,65.66
Biodegradable Polymer,37.12,1.13,0.63,1.72,70.14
Cork Material,103.5,1.94,0.98,0.79,86.78
Biodegradable Polymer,36.78,1.97,0.88,0.85,73.85
Glass (Recycled),69.26,3.72,0.34,1.06,89.07
Aluminum (Recycled),22.09,2.77,0.21,2.95,71.89
Recycled PET,146.38,4.26,0.73,2.1,99.76
Bamboo Fiber,50.25,4.79,0.76,1.89,95.15
Aluminum (Recycled),12.64,4.08,0.34,0.35,42.78
Biodegradable Polymer,130.05,0.91,0.86,1.03,72.58
Sugarcane Bioplastic,16.67,2.27,0.65,1.74,93.38
Glass (Recycled),113.05,1.66,0.24,1.59,89.31
Biodegradable Polymer,78.25,3.12,0.31,0.15,37.94
Paper Pulp Composite,132.46,3.68,0.78,0.87,58.54
Mycelium Packaging,119.84,4.57,0.84,0.59,43.08
Recycled PET,13.71,1.98,0.56,2.8,49.5
Mycelium Packaging,99.14,1.48,0.89,1.84,62.29
Sugarcane Bioplastic,94.84,0.18,0.21,0.23,63.7
Paper Pulp Composite,47.61,3.38,0.5,0.44,35.44
Paper Pulp Composite,144.82,4.69,0.41,0.64,71.22
Aluminum (Recycled),39.32,0.18,0.95,1.4,93.6
Sugarcane Bioplastic,92.26,3.72,0.53,1.47,81.05
Paper Pulp Composite,74.35,4.4,0.74,0.22,40.93
Sugarcane Bioplastic,90.18,0.95,0.29,2.6,49.67
Cork Material,145.01,0.26,0.28,0.71,86.46
PLA Bioplastic,74.7,0.68,0.22,0.18,93.12
Biodegradable Polymer,147.08,3.72,0.53,2.23,56.47
Bamboo Fiber,115.93,4.69,0.89,0.82,58.86
PLA Bioplastic,94,1.3,0.79,0.77,59.82
Mycelium Packaging,127.97,4.54,0.71,0.46,68.41
Cork Material,24.14,0.27,0.33,1.6,62.09
Recycled PET,89.33,0.26,0.73,0.64,59.15
Recycled PET,108.21,2.09,0.87,1.56,97.55
Sugarcane Bioplastic,42.33,1.47,0.86,0.5,68.65
Recycled PET,23.33,3.25,0.64,2.67,78.93
Bamboo Fiber,75.47,1.79,0.44,1.65,81.07
Recycled PET,11.4,2.98,0.85,2.26,43.39
Sugarcane Bioplastic,67.15,3.43,0.25,0.58,78.6
Biodegradable Polymer,61.77,4.36,0.4,2.99,40.89
Mycelium Packaging,31.1,1.26,0.64,1.07,78.34
Cork Material,32.51,3.6,0.98,2.79,93.07
Paper Pulp Composite,30.43,0.41,0.63,2.65,67.23
PLA Bioplastic,86.82,0.61,0.48,2.7,70.36
PLA Bioplastic,87.71,4.86,0.27,0.86,37.36
Glass (Recycled),50.46,2.59,0.48,2.79,85.3
Recycled PET,113.36,1.31,0.98,1.29,76.45
Paper Pulp Composite,62.65,2.04,0.42,0.33,38.31
Paper Pulp Composite,78.73,4.94,0.92,2.62,91.49
Recycled PET,12.25,0.81,0.57,2.28,81.02
PLA Bioplastic,57.78,1.99,0.68,0.77,77.56
Cork Material,16.57,3.7,0.42,1.47,43.44
Aluminum (Recycled),22.81,0.43,0.84,1.46,31.53
Glass (Recycled),58.83,1.46,0.27,1.59,85.19
Paper Pulp Composite,79.62,2.99,0.43,0.49,39.23
Aluminum (Recycled),67.89,4.5,0.8,1.71,85.56
Aluminum (Recycled),119.95,3.12,0.69,2.12,99.1
PLA Bioplastic,26.57,3.47,0.25,1.13,60.87
Recycled PET,111.61,2.59,0.81,2.17,71.93
Aluminum (Recycled),78.14,4.73,0.51,0.61,62.82
PLA Bioplastic,11.61,1.37,1,0.4,64.31
Paper Pulp Composite,102.74,2.47,0.36,2.64,42.7
Bamboo Fiber,128.5,2.19,0.56,1.85,47.17
Aluminum (Recycled),92.17,2.01,0.73,2.56,43.32
Mycelium Packaging,19.71,4.46,0.49,2.27,59.85
Cork Material,55.86,0.69,0.51,0.68,32.3
Aluminum (Recycled),115.88,2.62,0.74,2.53,64.86
PLA Bioplastic,138.69,1.29,0.22,2.88,77.76
Biodegradable Polymer,76.13,3.02,0.5,2.63,80.83
Recycled PET,25.76,4.29,0.94,1.69,44.17
Aluminum (Recycled),123.31,2.01,0.56,2.46,80.23
Glass (Recycled),48.2,3.29,0.61,1.88,46.28
Bamboo Fiber,94.45,4.39,0.4,1.05,64.63
Recycled PET,86.36,3.43,0.38,1.48,99.51
Aluminum (Recycled),96.59,2.48,0.27,2.95,47.03
Cork Material,66.63,4.65,0.52,0.28,47.17
Aluminum (Recycled),46.47,3.17,0.39,2.94,38.2
Aluminum (Recycled),137.68,1.33,0.76,2.06,95.63
PLA Bioplastic,15.6,1.36,0.76,2.61,77.22
Aluminum (Recycled),65.8,1.05,0.72,0.22,68.3
Sugarcane Bioplastic,94.11,3.16,0.92,2.7,74.26
Mycelium Packaging,132.64,4.05,0.65,2.33,62.08
Recycled PET,26.89,3.92,0.64,0.72,45.69
Bamboo Fiber,72.42,0.33,0.94,2.03,44.93
Aluminum (Recycled),55.94,3.74,0.95,2.42,46.86
Biodegradable Polymer,36.65,4.42,0.39,2.29,48.27
Aluminum (Recycled),130.43,4.55,0.98,2.29,70.18
Paper Pulp Composite,32.81,0.48,0.68,2.8,39.36
Cork Material,78.76,2.39,0.95,1,96.98
Paper Pulp Composite,46.04,3.28,0.43,0.08,70.28
Bamboo Fiber,145.98,0.87,0.78,2.68,90.11
Sugarcane Bioplastic,43.15,0.14,0.95,2.67,71.68
Mycelium Packaging,43.43,3.86,0.31,0.69,62.66
Aluminum (Recycled),36.54,2.34,0.61,1.56,99.8
Paper Pulp Composite,31.32,2.04,0.36,1.68,45.02
Glass (Recycled),63,0.91,0.55,1.81,54.94
Recycled PET,22.75,2.93,0.22,1.12,98.97
Mycelium Packaging,10.85,1.07,0.79,2.82,34.51
Mycelium Packaging,79.86,4.15,0.73,1.8,75.64
Cork Material,56.13,0.87,0.45,1.01,55.95
Aluminum (Recycled),102,1.05,0.86,1.17,74.22
Sugarcane Bioplastic,83.1,1.55,0.2,2.1,46.27
Recycled PET,112.52,4.63,0.58,0.31,69.88
Biodegradable Polymer,44.32,1.82,0.9,2.99,34.1
